Id_hp,Nama_hp,Brand,Harga,Ram,Memori_internal,Ukuran_layar,Resolusi_kamera,Kapasitas_baterai,Os,Rating_pengguna,Tahun_rilis,Stok_tersedia
1,Apple Max 10,Apple,15015201,12,256,5.5,48,4000,iOS,2.4,1905,True
2,Apple Max 11,Apple,18727456,4,512,6.1,108,5000,iOS,4.4,2020,False
3,Apple Max 14,Apple,6526745,16,128,6.8,108,4000,iOS,4.1,2024,True
4,Apple Max 16,Apple,13673821,16,256,6.1,12,4000,iOS,4.6,2024,True
5,Apple Max 16,Apple,14212345,4,256,6.5,12,4500,iOS,4.4,2019,True
6,Apple Max 16,Apple,2295326,12,64,6.8,108,6000,iOS,5.0,2023,False
7,Apple Max 18,Apple,10540534,6,256,6.8,48,4000,iOS,3.6,2023,False
8,Apple Max 20,Apple,22889361,16,256,5.5,64,4000,iOS,3.7,2022,True
9,Apple Max 22,Apple,5677986,12,256,6.1,12,4500,iOS,3.4,2020,True
10,Apple Max 22,Apple,5102004,12,512,6.7,108,6000,iOS,3.0,2020,False
11,Apple Max 22,Apple,13155180,4,256,6.7,50,4000,iOS,1.7,2021,False
12,Apple Max 24,Apple,2427121,12,128,6.1,108,4500,iOS,1.7,2020,True
13,Apple Max 25,Apple,5585970,8,512,6.7,48,6000,iOS,4.0,2022,True
14,Apple Max 26,Apple,15409424,6,256,6.8,12,4000,iOS,4.2,2020,False
15,Apple Max 26,Apple,8469482,16,256,5.5,50,4500,iOS,1.5,2020,False
16,Apple Max 26,Apple,4084823,8,512,6.5,64,4000,iOS,3.0,2020,True
17,Apple Max 27,Apple,14366350,16,64,6.1,48,4000,iOS,2.3,2021,False
18,Apple Max 28,Apple,1825074,6,64,6.1,108,6000,iOS,1.7,2022,False
19,Apple Max 28,Apple,8449640,6,128,5.5,12,4000,iOS,3.3,2023,True
20,Apple Max 29,Apple,3402718,4,128,6.7,12,6000,iOS,1.6,2019,True
21,Apple Max 30,Apple,10411362,6,256,5.5,48,4000,iOS,2.8,2019,False
22,Apple Max 5,Apple,15442469,16,256,5.5,64,4000,iOS,4.4,2020,False
23,Apple Max 5,Apple,17123941,16,128,6.4,50,4000,iOS,4.8,2019,True
24,Apple Max 5,Apple,20254986,6,128,6.1,50,4500,iOS,1.4,2021,False
25,Apple Max 5,Apple,9280860,6,256,6.8,50,4500,iOS,1.5,2023,True
26,Apple Max 5,Apple,9555500,12,256,6.8,48,6000,iOS,4.8,2019,True
27,Apple Max 9,Apple,12141033,6,256,6.5,50,4000,iOS,2.5,2022,False
28,Apple Max 9,Apple,5883702,12,512,6.5,48,4000,iOS,2.1,2023,False
29,Apple Note 10,Apple,20053217,4,128,5.5,12,6000,iOS,1.2,2019,True
30,Apple Note 11,Apple,21383588,6,256,6.8,12,5000,iOS,3.2,2023,True
31,Apple Note 12,Apple,10016953,12,512,6.5,48,6000,iOS,4.9,2019,False
32,Apple Note 12,Apple,11403512,4,128,6.7,50,4500,iOS,1.2,2021,False
33,Apple Note 13,Apple,2227853,8,512,6.7,108,4500,iOS,4.6,2020,False
34,Apple Note 17,Apple,21438073,12,64,6.1,64,6000,iOS,1.2,2020,False
35,Apple Note 17,Apple,3170962,16,512,6.5,12,4000,iOS,2.6,2024,True
36,Apple Note 17,Apple,18937176,12,512,6.7,64,6000,iOS,2.6,2023,False
37,Apple Note 18,Apple,7876796,16,512,6.8,12,5000,iOS,1.9,2020,True
38,Apple Note 19,Apple,20594805,12,64,6.4,108,4000,iOS,1.5,2024,False
39,Apple Note 21,Apple,15024026,16,128,6.7,64,5000,iOS,3.3,2023,False
40,Apple Note 21,Apple,19425846,6,64,6.4,48,4500,iOS,1.6,2022,True
41,Apple Note 23,Apple,24700285,6,64,6.8,12,4500,iOS,4.1,2021,False
42,Apple Note 23,Apple,24469837,8,64,6.1,50,4500,iOS,3.2,2022,True
43,Apple Note 27,Apple,16924171,16,128,6.1,108,4000,iOS,2.0,2019,False
44,Apple Note 30,Apple,9539529,16,512,6.5,12,6000,iOS,4.1,2021,True
45,Apple Note 30,Apple,13864284,4,512,6.8,108,4500,iOS,1.6,2021,True
46,Apple Note 5,Apple,8106752,16,256,6.5,50,4000,iOS,3.4,2021,False
47,Apple Note 6,Apple,7653125,4,128,6.5,108,5000,iOS,2.5,2023,True
48,Apple Note 9,Apple,23125022,16,64,6.5,108,4000,iOS,2.1,2021,False
49,Apple Pro 10,Apple,6667904,4,128,6.5,48,4000,iOS,3.4,2024,False
50,Apple Pro 11,Apple,10444980,4,64,6.8,48,4500,iOS,2.3,2022,False
51,Apple Pro 15,Apple,3112708,4,256,6.1,64,6000,iOS,4.4,2019,True
52,Apple Pro 16,Apple,4620844,4,512,6.7,48,4000,iOS,1.5,2022,True
53,Apple Pro 16,Apple,23054554,8,512,6.1,12,5000,iOS,2.6,2020,True
54,Apple Pro 18,Apple,8625080,12,256,6.4,108,6000,iOS,1.5,2023,True
55,Apple Pro 20,Apple,22908533,6,256,6.1,108,6000,iOS,3.3,2021,False
56,Apple Pro 21,Apple,8139005,6,512,5.5,64,5000,iOS,1.6,2023,False
57,Apple Pro 23,Apple,4023723,4,64,6.8,108,6000,iOS,2.7,2021,False
58,Apple Pro 23,Apple,21233299,12,128,6.4,108,4000,iOS,3.3,2020,False
59,Apple Pro 23,Apple,24970582,12,256,6.7,108,4000,iOS,3.4,2019,True
60,Apple Pro 24,Apple,4981548,4,256,6.4,50,4000,iOS,4.9,2023,False
61,Apple Pro 26,Apple,23786395,6,512,6.7,64,4000,iOS,4.2,2019,False
62,Apple Pro 26,Apple,7115864,4,512,6.5,48,6000,iOS,1.5,2021,False
63,Apple Pro 26,Apple,15426385,4,512,6.4,108,6000,iOS,2.5,2019,True
64,Apple Pro 26,Apple,12127511,12,512,6.4,12,6000,iOS,2.9,2019,True
65,Apple Pro 28,Apple,16091014,12,256,6.8,108,5000,iOS,3.7,2023,True
66,Apple Pro 29,Apple,20266284,12,128,6.8,108,6000,iOS,1.3,2019,False
67,Apple Pro 29,Apple,6096770,6,512,6.5,64,4000,iOS,1.7,2022,False
68,Apple Pro 30,Apple,11798468,6,512,6.5,50,6000,iOS,2.6,2024,True
69,Apple Pro 6,Apple,23381908,8,256,6.4,48,4000,iOS,4.0,2020,True
70,Apple Pro 7,Apple,10794912,6,128,5.5,108,6000,iOS,1.9,2020,True
71,Apple Ultra 10,Apple,14193353,16,512,6.8,48,4000,iOS,3.2,2021,False
72,Apple Ultra 10,Apple,13824991,12,256,6.4,12,5000,iOS,3.5,2022,False
73,Apple Ultra 11,Apple,6943201,8,128,6.1,64,6000,iOS,2.0,2022,False
74,Apple Ultra 12,Apple,1640837,8,256,6.1,108,5000,iOS,3.0,2021,True
75,Apple Ultra 12,Apple,3955206,6,64,6.1,108,5000,iOS,2.5,2023,False
76,Apple Ultra 13,Apple,11449582,4,64,6.7,12,5000,iOS,1.8,2022,True
77,Apple Ultra 14,Apple,12717545,4,64,6.1,64,6000,iOS,2.3,2019,True
78,Apple Ultra 14,Apple,20525361,16,256,5.5,48,6000,iOS,3.6,2022,False
79,Apple Ultra 17,Apple,5641772,6,64,6.7,48,6000,iOS,4.2,2020,False
80,Apple Ultra 17,Apple,3195589,12,64,6.7,108,4500,iOS,4.5,2019,False
81,Apple Ultra 18,Apple,17844033,6,64,6.8,12,5000,iOS,1.3,2023,True
82,Apple Ultra 18,Apple,14163933,4,128,6.1,108,5000,iOS,4.5,2024,False
83,Apple Ultra 18,Apple,7495284,12,256,6.1,108,4500,iOS,4.4,2019,False
84,Apple Ultra 19,Apple,18328430,6,64,5.5,108,6000,iOS,1.9,2024,False
85,Apple Ultra 19,Apple,16876410,12,512,6.5,12,4000,iOS,1.7,2023,True
86,Apple Ultra 19,Apple,6072521,8,64,6.5,48,5000,iOS,3.0,2024,False
87,Apple Ultra 20,Apple,4937180,4,64,6.5,48,4000,iOS,2.8,2020,False
88,Apple Ultra 25,Apple,10282576,6,512,6.8,48,4500,iOS,2.0,2022,True
89,Apple Ultra 25,Apple,23567108,12,512,5.5,108,4500,iOS,4.5,2019,False
90,Apple Ultra 25,Apple,18749053,12,256,5.5,108,6000,iOS,4.2,2019,False
91,Apple Ultra 27,Apple,8204432,16,512,6.7,12,5000,iOS,1.9,2020,False
92,Apple Ultra 27,Apple,6860716,16,256,6.1,108,4500,iOS,1.3,2024,False
93,Apple Ultra 28,Apple,21198658,8,64,6.4,12,4500,iOS,1.3,2019,True
94,Apple Ultra 6,Apple,2908243,12,256,5.5,12,4000,iOS,3.6,2024,True
95,Apple Ultra 8,Apple,19208177,4,512,6.8,64,6000,iOS,2.5,2024,False
96,Apple Ultra 9,Apple,19607857,8,256,5.5,64,5000,iOS,2.2,2020,True
97,Asus Max 10,Asus,8958779,6,256,5.5,50,5000,Android,2.7,2020,False
98,Asus Max 10,Asus,3889741,12,512,6.1,48,5000,Android,3.2,2022,True
99,Asus Max 13,Asus,19945806,8,256,6.4,108,4000,Android,1.1,2023,True
100,Asus Max 13,Asus,8002176,6,128,6.7,108,4000,Android,4.0,2019,True
101,Asus Max 14,Asus,24416327,8,128,6.4,108,4500,Android,1.3,2021,True
102,Asus Max 14,Asus,20561462,12,512,6.5,64,4000,Android,4.3,2024,False
103,Asus Max 14,Asus,7832381,12,512,6.4,108,5000,Android,2.7,2023,False
104,Asus Max 15,Asus,11140337,16,512,6.5,12,4000,Android,4.2,2022,False
105,Asus Max 17,Asus,7322020,16,256,6.7,108,4500,Android,3.3,2022,True
106,Asus Max 17,Asus,8868509,4,512,6.4,48,4500,Android,2.1,2023,True
107,Asus Max 18,Asus,6433219,4,512,6.7,50,4000,Android,2.3,2023,True
108,Asus Max 20,Asus,24582307,6,128,6.5,12,4500,Android,1.1,2020,False
109,Asus Max 21,Asus,16332991,8,512,5.5,64,6000,Android,3.7,2023,False
110,Asus Max 23,Asus,18395227,4,128,6.4,12,5000,Android,3.3,2020,False
111,Asus Max 23,Asus,15531434,4,512,6.8,50,5000,Android,2.5,2020,True
112,Asus Max 24,Asus,6967591,16,512,6.1,108,6000,Android,2.9,2020,False
113,Asus Max 26,Asus,17959493,4,256,6.4,50,5000,Android,2.2,2022,False
114,Asus Max 28,Asus,17543754,12,64,6.4,12,4000,Android,1.0,2020,True
115,Asus Max 29,Asus,10698492,16,512,6.7,50,5000,Android,2.2,2024,True
116,Asus Max 29,Asus,4333907,12,64,6.5,50,5000,Android,2.0,2023,True
117,Asus Max 30,Asus,17589896,6,64,6.7,48,4500,Android,4.5,2024,False
118,Asus Max 30,Asus,7866160,8,512,6.4,12,4500,Android,3.8,2020,False
119,Asus Max 5,Asus,19179698,12,256,6.4,50,5000,Android,1.3,2024,False
120,Asus Max 6,Asus,14180257,8,256,6.4,50,4500,Android,3.7,2019,True
121,Asus Max 7,Asus,16258773,4,64,6.1,12,6000,Android,2.9,2024,True
122,Asus Max 8,Asus,10383320,16,256,6.8,50,5000,Android,4.4,2020,True
123,Asus Max 8,Asus,6152007,8,64,6.8,48,6000,Android,4.4,2023,True
124,Asus Max 9,Asus,22902608,16,256,6.1,64,4000,Android,2.9,2021,False
125,Asus Max 9,Asus,20334530,6,512,6.4,50,5000,Android,4.9,2019,False
126,Asus Max 9,Asus,4438166,12,128,5.5,12,6000,Android,3.3,2023,False
127,Asus Max 9,Asus,8838953,16,128,6.4,48,4500,Android,1.4,2020,False
128,Asus Note 11,Asus,22055924,6,64,6.1,108,4500,Android,1.8,2022,True
129,Asus Note 12,Asus,7273202,4,64,6.1,50,4000,Android,1.5,2023,True
130,Asus Note 12,Asus,4655928,16,128,6.5,12,4500,Android,4.1,2023,False
131,Asus Note 13,Asus,23768423,8,64,5.5,50,4000,Android,2.5,2020,True
132,Asus Note 14,Asus,13563255,8,256,6.1,64,4500,Android,4.6,2022,True
133,Asus Note 14,Asus,11846718,6,128,6.4,64,4000,Android,4.9,2020,True
134,Asus Note 15,Asus,8042556,16,256,6.1,108,4000,Android,4.4,2022,True
135,Asus Note 16,Asus,2387778,4,256,6.1,50,4500,Android,3.3,2020,True
136,Asus Note 16,Asus,17504991,4,64,5.5,50,5000,Android,1.3,2019,False
137,Asus Note 17,Asus,13228493,16,64,5.5,12,4000,Android,2.1,2023,True
138,Asus Note 18,Asus,19703490,16,64,6.8,12,4500,Android,4.3,2020,False
139,Asus Note 19,Asus,21723060,6,128,6.8,64,6000,Android,2.9,2021,False
140,Asus Note 19,Asus,7128044,12,64,5.5,108,6000,Android,1.2,2020,True
141,Asus Note 21,Asus,16614117,6,256,6.1,50,4500,Android,3.0,2022,True
142,Asus Note 23,Asus,13093582,16,256,6.5,12,4000,Android,2.8,2023,True
143,Asus Note 23,Asus,6674769,12,128,6.5,108,5000,Android,3.5,2022,False
144,Asus Note 24,Asus,10813650,12,128,6.4,12,5000,Android,3.9,2021,True
145,Asus Note 25,Asus,12357707,8,256,6.7,48,4000,Android,1.2,2020,True
146,Asus Note 27,Asus,7344103,8,256,6.1,50,5000,Android,1.9,2019,False
147,Asus Note 28,Asus,11213849,16,512,5.5,64,4500,Android,2.4,2020,False
148,Asus Note 30,Asus,18481957,12,512,6.5,108,5000,Android,4.1,2021,True
149,Asus Note 6,Asus,15160268,8,64,6.7,12,5000,Android,4.6,2019,True
150,Asus Note 6,Asus,15515142,8,512,6.8,50,4500,Android,3.2,2021,True
151,Asus Note 7,Asus,17642366,6,512,6.8,108,5000,Android,4.3,2022,True
152,Asus Note 9,Asus,10226485,8,256,5.5,108,5000,Android,4.5,2019,True
153,Asus Pro 10,Asus,8909174,12,64,6.5,48,5000,Android,3.9,2021,True
154,Asus Pro 10,Asus,11180445,6,128,5.5,48,4000,Android,1.6,2020,True
155,Asus Pro 11,Asus,17343299,4,128,6.7,64,4000,Android,1.1,2019,False
156,Asus Pro 12,Asus,2191706,6,64,6.1,64,4500,Android,4.3,2020,True
157,Asus Pro 13,Asus,15527658,4,64,6.1,48,4500,Android,1.6,2021,False
158,Asus Pro 16,Asus,14809339,12,256,6.4,12,6000,Android,4.9,2023,True
159,Asus Pro 17,Asus,2655950,12,256,6.7,12,6000,Android,4.4,2023,True
160,Asus Pro 18,Asus,21469645,4,512,6.5,108,6000,Android,3.2,2023,False
161,Asus Pro 18,Asus,14964658,12,512,6.1,48,5000,Android,1.5,2021,True
162,Asus Pro 18,Asus,6413894,8,512,6.4,108,5000,Android,3.1,2023,False
163,Asus Pro 19,Asus,9894258,16,64,5.5,64,6000,Android,4.8,2022,False
164,Asus Pro 19,Asus,19300084,16,64,6.1,12,6000,Android,1.6,2020,False
165,Asus Pro 19,Asus,10332412,12,256,6.1,50,4500,Android,1.1,2020,True
166,Asus Pro 19,Asus,24424506,6,256,6.8,50,6000,Android,1.6,2019,False
167,Asus Pro 19,Asus,6296609,4,64,6.1,108,4000,Android,1.8,2024,False
168,Asus Pro 21,Asus,12660513,6,64,5.5,64,4500,Android,1.3,2021,True
169,Asus Pro 22,Asus,20573424,8,128,6.1,50,4500,Android,3.9,2019,False
170,Asus Pro 22,Asus,16569886,6,512,6.1,64,5000,Android,5.0,2023,True
171,Asus Pro 23,Asus,11669763,12,64,6.7,48,6000,Android,3.6,2023,True
172,Asus Pro 24,Asus,14716471,16,128,6.8,12,4000,Android,1.0,2023,False
173,Asus Pro 25,Asus,2613823,8,256,6.1,108,5000,Android,3.3,2021,False
174,Asus Pro 25,Asus,9298992,8,128,6.4,108,5000,Android,2.3,2021,False
175,Asus Pro 27,Asus,16955640,8,512,6.1,48,4000,Android,1.0,2024,True
176,Asus Pro 30,Asus,3597207,6,256,6.1,12,4000,Android,3.8,2023,False
177,Asus Pro 30,Asus,22662403,12,256,6.7,50,4500,Android,3.8,2024,True
178,Asus Pro 5,Asus,12877788,8,256,6.7,108,4500,Android,4.5,2022,True
179,Asus Pro 5,Asus,4156483,6,256,6.4,48,4500,Android,2.6,2023,False
180,Asus Pro 6,Asus,22621182,8,512,6.8,50,4000,Android,1.0,2019,True
181,Asus Pro 6,Asus,3822569,8,128,5.5,50,6000,Android,3.3,2021,False
182,Asus Pro 7,Asus,9436982,4,256,6.4,64,5000,Android,4.7,2020,True
183,Asus Pro 8,Asus,22902837,6,256,6.1,50,4000,Android,2.3,2022,False
184,Asus Pro 9,Asus,1916622,12,256,6.8,50,4500,Android,2.9,2022,False
185,Asus Ultra 11,Asus,23911297,12,128,5.5,48,4500,Android,3.1,2021,True
186,Asus Ultra 11,Asus,18559606,4,512,6.1,108,4000,Android,3.7,2021,True
187,Asus Ultra 12,Asus,16498244,16,64,5.5,50,4000,Android,4.9,2023,True
188,Asus Ultra 12,Asus,18444839,4,512,6.4,64,4000,Android,4.7,2023,False
189,Asus Ultra 14,Asus,11840477,4,64,6.8,12,6000,Android,2.3,2023,False
190,Asus Ultra 15,Asus,9837235,16,256,6.8,108,6000,Android,2.9,2022,True
191,Asus Ultra 15,Asus,16493217,6,256,6.1,64,4500,Android,3.8,2019,False
192,Asus Ultra 16,Asus,4320043,4,512,6.8,12,4000,Android,4.6,2020,False
193,Asus Ultra 16,Asus,14889490,4,256,6.5,12,6000,Android,2.6,2021,True
194,Asus Ultra 16,Asus,3844843,4,256,6.7,108,5000,Android,1.6,2021,True
195,Asus Ultra 17,Asus,13673909,8,128,6.1,64,4000,Android,3.4,2019,False
196,Asus Ultra 17,Asus,2308865,16,128,5.5,108,4000,Android,1.7,2024,False
197,Asus Ultra 18,Asus,10306152,6,64,6.7,108,4000,Android,2.0,2020,False
198,Asus Ultra 19,Asus,3615265,8,256,5.5,64,5000,Android,2.8,2021,False
199,Asus Ultra 19,Asus,15792442,12,256,6.1,12,4000,Android,1.6,2019,True
200,Asus Ultra 20,Asus,5657669,12,256,6.1,64,4000,Android,4.4,2020,True
201,Asus Ultra 23,Asus,19774766,6,128,6.7,48,4000,Android,4.7,2024,False
202,Asus Ultra 25,Asus,24196492,8,128,6.4,50,5000,Android,4.8,2022,False
203,Asus Ultra 26,Asus,2757041,16,512,6.5,50,5000,Android,4.7,2022,False
204,Asus Ultra 27,Asus,15530082,16,256,6.1,108,4000,Android,2.8,2022,False
205,Asus Ultra 28,Asus,13922313,4,256,6.7,108,5000,Android,2.8,2019,True
206,Asus Ultra 28,Asus,21095525,12,64,6.1,108,5000,Android,1.4,2021,False
207,Asus Ultra 29,Asus,11572748,6,128,6.4,12,4000,Android,1.7,2020,False
208,Asus Ultra 30,Asus,5323457,6,256,6.5,108,5000,Android,1.9,2020,True
209,Asus Ultra 6,Asus,14913761,4,128,6.8,108,6000,Android,3.3,2021,False
210,Asus Ultra 7,Asus,16742071,16,256,6.7,50,4500,Android,3.2,2019,True
211,Asus Ultra 7,Asus,2978905,16,256,6.4,108,4500,Android,4.7,2022,True
212,Asus Ultra 7,Asus,12949223,6,128,6.7,12,6000,Android,4.3,2020,False
213,Asus Ultra 8,Asus,9950866,12,256,6.4,12,5000,Android,2.4,2023,False
214,Asus Ultra 9,Asus,10129005,12,256,6.4,48,4500,Android,4.1,2022,True
215,Huawei Max 10,Huawei,14677856,8,128,6.1,48,4000,Android,1.0,2023,True
216,Huawei Max 13,Huawei,6737009,12,128,5.5,108,4000,Android,3.2,2024,True
217,Huawei Max 13,Huawei,8398506,12,64,6.4,48,4000,Android,1.4,2020,False
218,Huawei Max 14,Huawei,7550312,16,128,6.8,50,4500,Android,1.3,2023,True
219,Huawei Max 14,Huawei,12940396,12,256,6.1,48,4000,Android,4.5,2020,False
220,Huawei Max 15,Huawei,5023372,6,512,6.1,50,5000,Android,4.4,2021,True
221,Huawei Max 15,Huawei,18325530,4,256,6.5,50,4000,Android,1.5,2021,True
222,Huawei Max 16,Huawei,8163221,4,256,6.7,64,6000,Android,2.5,2023,True
223,Huawei Max 17,Huawei,11114640,16,512,6.8,48,5000,Android,2.6,2020,True
224,Huawei Max 18,Huawei,6301481,8,256,6.1,50,5000,Android,3.0,2023,False
225,Huawei Max 19,Huawei,8127814,16,256,6.1,50,6000,Android,2.8,2019,False
226,Huawei Max 20,Huawei,10777097,4,512,5.5,108,4500,Android,1.6,2023,False
227,Huawei Max 23,Huawei,10368952,4,64,6.1,108,4500,Android,3.7,2020,False
228,Huawei Max 24,Huawei,3352934,4,128,5.5,12,6000,Android,3.0,2019,True
229,Huawei Max 24,Huawei,19250657,4,128,6.8,64,4500,Android,3.5,2020,False
230,Huawei Max 25,Huawei,5716377,12,512,6.5,12,5000,Android,4.0,2023,False
231,Huawei Max 25,Huawei,19022486,8,512,5.5,48,4500,Android,2.1,2023,True
232,Huawei Max 26,Huawei,8428596,12,64,6.1,108,4000,Android,2.3,2024,False
233,Huawei Max 27,Huawei,21976797,4,64,6.7,64,6000,Android,1.9,2023,False
234,Huawei Max 27,Huawei,16040201,8,128,6.7,64,5000,Android,3.2,2019,True
235,Huawei Max 29,Huawei,23834216,4,128,6.8,64,6000,Android,1.2,2019,False
236,Huawei Max 30,Huawei,4640930,6,64,6.4,48,6000,Android,1.6,2020,False
237,Huawei Max 5,Huawei,19533545,16,512,6.8,48,4500,Android,3.3,2023,True
238,Huawei Max 5,Huawei,14935101,8,512,6.7,64,6000,Android,1.3,2022,True
239,Huawei Max 5,Huawei,24023664,4,512,6.5,108,4000,Android,2.9,2021,True
240,Huawei Max 6,Huawei,4136130,8,512,6.8,108,4000,Android,4.2,2024,True
241,Huawei Max 6,Huawei,12924483,12,256,6.4,50,4500,Android,3.5,2019,False
242,Huawei Max 7,Huawei,5892151,8,128,6.1,64,6000,Android,3.0,2019,False
243,Huawei Max 8,Huawei,23542315,4,512,6.8,48,4000,Android,1.9,2023,True
244,Huawei Max 9,Huawei,17697430,6,128,6.1,12,4500,Android,3.0,2023,False
245,Huawei Note 20,Huawei,8102610,4,64,6.8,108,5000,Android,4.2,2019,False
246,Huawei Note 20,Huawei,23465181,4,512,6.5,50,4500,Android,3.5,2021,True
247,Huawei Note 22,Huawei,9153014,4,256,6.4,50,5000,Android,3.1,2020,False
248,Huawei Note 24,Huawei,17007389,8,64,6.1,64,5000,Android,3.4,2022,False
249,Huawei Note 24,Huawei,11222637,6,64,6.4,50,4000,Android,2.8,2023,True
250,Huawei Note 24,Huawei,11670588,4,64,5.5,64,4500,Android,3.0,2021,False
251,Huawei Note 25,Huawei,5633706,8,64,6.1,108,4000,Android,4.1,2019,True
252,Huawei Note 26,Huawei,10663808,8,512,6.1,50,5000,Android,1.3,2019,False
253,Huawei Note 26,Huawei,9695857,12,64,6.4,108,4500,Android,5.0,2020,False
254,Huawei Note 30,Huawei,9550982,12,512,6.1,64,6000,Android,3.4,2019,True
255,Huawei Note 6,Huawei,13416884,8,512,6.8,12,5000,Android,4.4,2019,False
256,Huawei Note 6,Huawei,8413470,8,128,6.4,50,4000,Android,4.5,2021,True
257,Huawei Note 7,Huawei,24605267,12,512,6.7,48,4000,Android,2.5,2020,True
258,Huawei Note 7,Huawei,13281586,4,64,6.7,64,5000,Android,1.4,2019,True
259,Huawei Note 7,Huawei,11475670,12,64,6.8,12,5000,Android,2.8,2019,False
260,Huawei Note 7,Huawei,17990750,12,128,6.1,12,5000,Android,2.3,2022,False
261,Huawei Note 7,Huawei,16259933,8,128,5.5,108,4000,Android,1.9,2024,False
262,Huawei Note 8,Huawei,15897943,8,64,6.1,48,5000,Android,2.0,2019,False
263,Huawei Pro 10,Huawei,18842212,16,512,6.4,108,4500,Android,3.7,2020,True
264,Huawei Pro 11,Huawei,16078461,8,64,5.5,50,5000,Android,3.6,2020,False
265,Huawei Pro 12,Huawei,14997570,12,128,5.5,108,4000,Android,1.2,2020,True
266,Huawei Pro 13,Huawei,24706786,8,128,5.5,64,5000,Android,4.2,2022,True
267,Huawei Pro 13,Huawei,6150275,4,512,6.8,108,6000,Android,5.0,2019,True
268,Huawei Pro 14,Huawei,23717442,12,256,6.8,48,5000,Android,1.1,2019,True
269,Huawei Pro 16,Huawei,21711718,16,512,6.8,12,4000,Android,3.0,2020,False
270,Huawei Pro 16,Huawei,4610357,4,256,5.5,48,4000,Android,4.2,2022,True
271,Huawei Pro 19,Huawei,15725526,8,64,6.7,50,6000,Android,4.8,2021,False
272,Huawei Pro 19,Huawei,13092674,8,128,6.1,64,4000,Android,4.2,2022,True
273,Huawei Pro 19,Huawei,13789732,16,64,6.7,50,4000,Android,2.7,2021,False
274,Huawei Pro 19,Huawei,24608863,6,512,6.1,108,5000,Android,4.6,2021,False
275,Huawei Pro 20,Huawei,14086194,4,512,6.4,108,6000,Android,4.5,2024,False
276,Huawei Pro 20,Huawei,9909906,8,64,6.5,108,4000,Android,4.2,2022,True
277,Huawei Pro 21,Huawei,12703835,16,128,6.1,64,4000,Android,3.6,2022,False
278,Huawei Pro 21,Huawei,17280571,6,256,5.5,50,4000,Android,2.0,2023,True
279,Huawei Pro 22,Huawei,16616387,16,128,6.1,50,5000,Android,3.8,2019,False
280,Huawei Pro 23,Huawei,14783786,16,256,6.1,108,4000,Android,4.0,2022,False
281,Huawei Pro 23,Huawei,22803884,8,128,6.4,48,4500,Android,4.0,2022,False
282,Huawei Pro 27,Huawei,18105376,16,64,6.7,64,4500,Android,4.4,2020,True
283,Huawei Pro 27,Huawei,16507681,4,512,6.5,50,6000,Android,2.7,2019,False
284,Huawei Pro 28,Huawei,22900811,6,128,6.1,64,4000,Android,4.6,2023,False
285,Huawei Pro 30,Huawei,18012910,8,64,6.8,50,5000,Android,2.1,2020,False
286,Huawei Pro 30,Huawei,21656599,4,512,5.5,64,4000,Android,1.6,2021,True
287,Huawei Pro 5,Huawei,8902602,8,256,6.4,64,5000,Android,3.2,2023,True
288,Huawei Pro 6,Huawei,23220912,12,64,6.1,12,4000,Android,4.7,2020,False
289,Huawei Pro 7,Huawei,18184691,4,128,5.5,50,4500,Android,1.7,2019,False
290,Huawei Pro 8,Huawei,2937896,4,64,5.5,48,6000,Android,4.9,2019,True
291,Huawei Pro 9,Huawei,23363345,4,128,6.5,48,5000,Android,3.8,2019,False
292,Huawei Ultra 10,Huawei,24681567,8,256,5.5,48,6000,Android,3.6,2023,False
293,Huawei Ultra 11,Huawei,5634552,16,256,6.7,108,5000,Android,3.3,2022,True
294,Huawei Ultra 14,Huawei,3502424,8,512,6.7,48,4000,Android,3.8,2020,False
295,Huawei Ultra 14,Huawei,13928755,4,256,6.7,108,5000,Android,3.6,2022,False
296,Huawei Ultra 17,Huawei,13471498,8,256,6.5,64,4000,Android,1.2,2019,False
297,Huawei Ultra 17,Huawei,8323345,16,256,5.5,12,4500,Android,3.0,2022,True
298,Huawei Ultra 20,Huawei,14422919,6,256,6.1,108,5000,Android,4.6,2020,True
299,Huawei Ultra 20,Huawei,11396306,16,512,6.5,48,6000,Android,2.0,2020,True
300,Huawei Ultra 25,Huawei,5482337,8,256,6.4,108,6000,Android,1.2,2019,True
301,Huawei Ultra 27,Huawei,20970085,4,64,5.5,12,6000,Android,4.0,2020,False
302,Huawei Ultra 29,Huawei,18357699,8,256,6.4,64,6000,Android,1.4,2019,True
303,Huawei Ultra 29,Huawei,5508696,6,256,6.4,48,6000,Android,4.4,2019,False
304,Huawei Ultra 29,Huawei,13706799,4,128,6.4,64,5000,Android,3.3,2023,True
305,Huawei Ultra 30,Huawei,2172356,12,512,6.8,48,4000,Android,1.5,2019,True
306,Huawei Ultra 5,Huawei,24856666,6,64,6.4,48,5000,Android,3.5,2021,False
307,Huawei Ultra 5,Huawei,20517945,16,256,6.5,50,5000,Android,4.1,2021,True
308,Huawei Ultra 5,Huawei,6794991,4,512,6.4,48,5000,Android,3.5,2022,False
309,Huawei Ultra 5,Huawei,8893291,16,128,6.4,50,4000,Android,1.3,2023,False
310,Huawei Ultra 6,Huawei,12468185,8,512,6.5,12,4500,Android,3.8,2023,True
311,Huawei Ultra 7,Huawei,4359689,16,64,6.5,50,5000,Android,2.5,2019,True
312,Huawei Ultra 7,Huawei,12296202,12,64,6.1,108,6000,Android,2.0,2020,True
313,Huawei Ultra 7,Huawei,2630707,8,256,6.7,50,6000,Android,1.1,2022,False
314,Huawei Ultra 9,Huawei,24214496,8,512,6.4,48,4000,Android,1.3,2023,False
315,Huawei Ultra 9,Huawei,9740349,4,512,6.1,48,5000,Android,1.4,2024,False
316,Infinix Max 10,Infinix,4771258,6,64,6.8,12,4500,Android,3.5,2022,False
317,Infinix Max 11,Infinix,6662126,8,128,6.5,48,6000,Android,4.4,2023,False
318,Infinix Max 11,Infinix,17860488,12,512,6.5,64,4500,Android,4.8,2020,True
319,Infinix Max 12,Infinix,24354169,6,256,6.5,12,4500,Android,1.5,2019,False
320,Infinix Max 12,Infinix,22151604,8,128,6.7,108,6000,Android,3.8,2021,True
321,Infinix Max 14,Infinix,1874592,8,128,6.4,108,4000,Android,1.8,2019,True
322,Infinix Max 15,Infinix,20759307,6,512,6.4,50,4000,Android,2.6,2019,False
323,Infinix Max 15,Infinix,19841054,6,256,6.1,108,4000,Android,4.1,2020,True
324,Infinix Max 15,Infinix,16237447,16,64,6.8,12,6000,Android,2.0,2023,False
325,Infinix Max 16,Infinix,23234751,8,128,6.8,50,5000,Android,3.9,2021,True
326,Infinix Max 18,Infinix,7895681,4,256,6.5,108,5000,Android,3.8,2021,False
327,Infinix Max 19,Infinix,20967971,8,128,6.4,50,5000,Android,2.5,2024,False
328,Infinix Max 19,Infinix,21229524,16,512,6.4,50,6000,Android,4.1,2023,False
329,Infinix Max 20,Infinix,23144184,4,128,5.5,12,5000,Android,4.9,2022,False
330,Infinix Max 21,Infinix,12208202,12,256,5.5,108,6000,Android,2.6,2023,False
331,Infinix Max 24,Infinix,7914301,12,64,6.4,48,4500,Android,2.5,2022,True
332,Infinix Max 25,Infinix,7479001,4,128,6.1,48,5000,Android,3.6,2021,True
333,Infinix Max 26,Infinix,10388227,12,256,6.1,64,4500,Android,4.5,2019,True
334,Infinix Max 27,Infinix,14974845,8,128,6.1,48,4500,Android,4.1,2021,False
335,Infinix Max 27,Infinix,21154413,6,64,6.4,12,5000,Android,2.1,2023,False
336,Infinix Max 27,Infinix,17724975,4,256,5.5,50,4000,Android,3.1,2023,False
337,Infinix Max 27,Infinix,4221798,6,64,5.5,108,4500,Android,4.8,2021,True
338,Infinix Max 27,Infinix,22090369,6,128,6.5,48,4000,Android,3.8,2023,True
339,Infinix Max 28,Infinix,22673918,6,64,6.5,64,5000,Android,3.9,2021,True
340,Infinix Max 5,Infinix,5961516,16,512,6.1,64,4000,Android,3.2,2020,False
341,Infinix Max 5,Infinix,12906917,8,256,6.4,50,5000,Android,2.3,2023,True
342,Infinix Max 6,Infinix,21239769,4,512,6.7,48,6000,Android,5.0,2019,False
343,Infinix Note 11,Infinix,7782762,16,64,6.7,64,5000,Android,3.8,2019,True
344,Infinix Note 11,Infinix,23292994,12,64,6.5,12,5000,Android,1.6,2024,True
345,Infinix Note 12,Infinix,1788410,8,64,6.7,50,6000,Android,3.4,2021,True
346,Infinix Note 13,Infinix,18303457,4,64,6.4,64,6000,Android,1.2,2023,True
347,Infinix Note 13,Infinix,9128937,8,256,6.1,108,5000,Android,4.4,2024,False
348,Infinix Note 14,Infinix,2275472,16,64,6.7,64,4000,Android,1.4,2023,False
349,Infinix Note 14,Infinix,9904765,4,64,6.1,48,4000,Android,1.0,2023,False
350,Infinix Note 19,Infinix,5811213,4,64,6.4,108,4000,Android,4.9,2019,False
351,Infinix Note 20,Infinix,14950781,6,128,6.5,50,4000,Android,2.1,2023,True
352,Infinix Note 20,Infinix,22664251,4,256,6.4,50,4000,Android,4.8,2020,True
353,Infinix Note 25,Infinix,24507451,6,64,6.1,108,6000,Android,4.7,2022,False
354,Infinix Note 27,Infinix,13431200,4,256,6.7,48,5000,Android,3.9,2020,True
355,Infinix Note 6,Infinix,7867576,12,512,6.7,64,4000,Android,1.0,2021,False
356,Infinix Note 7,Infinix,13023275,16,64,6.7,64,4500,Android,3.0,2021,True
357,Infinix Note 7,Infinix,2757804,4,256,6.7,108,4000,Android,4.4,2023,True
358,Infinix Note 7,Infinix,14537624,6,512,6.1,48,4500,Android,3.4,2019,True
359,Infinix Note 8,Infinix,7701930,16,64,5.5,108,4500,Android,3.3,2022,False
360,Infinix Note 9,Infinix,9838405,12,512,6.5,12,6000,Android,4.7,2022,True
361,Infinix Pro 12,Infinix,19487021,6,256,6.5,50,6000,Android,4.7,2020,False
362,Infinix Pro 13,Infinix,18338256,12,128,6.7,108,4500,Android,2.7,2022,False
363,Infinix Pro 15,Infinix,12585883,4,128,6.7,50,4500,Android,1.1,2023,True
364,Infinix Pro 15,Infinix,1531432,12,256,6.8,12,4500,Android,3.2,2023,False
365,Infinix Pro 16,Infinix,15489644,4,256,5.5,48,6000,Android,3.9,2019,True
366,Infinix Pro 16,Infinix,7276893,16,512,6.1,50,5000,Android,3.0,2022,False
367,Infinix Pro 16,Infinix,23117961,12,128,6.4,64,6000,Android,2.1,2024,True
368,Infinix Pro 16,Infinix,21080967,4,64,6.8,48,5000,Android,3.2,2022,False
369,Infinix Pro 17,Infinix,9747361,12,64,5.5,50,6000,Android,2.0,2022,True
370,Infinix Pro 19,Infinix,18613561,8,256,5.5,108,5000,Android,1.2,2021,True
371,Infinix Pro 19,Infinix,15212973,4,128,6.7,64,4500,Android,4.9,2022,True
372,Infinix Pro 20,Infinix,7399077,12,128,5.5,48,5000,Android,3.1,2023,False
373,Infinix Pro 24,Infinix,22000806,6,64,6.7,64,6000,Android,2.2,2021,True
374,Infinix Pro 26,Infinix,14159532,6,128,6.8,108,4500,Android,1.1,2020,False
375,Infinix Pro 28,Infinix,24314676,12,512,6.7,50,5000,Android,4.3,2023,True
376,Infinix Pro 29,Infinix,20601809,8,512,6.4,50,4500,Android,2.6,2022,False
377,Infinix Pro 30,Infinix,10867915,4,64,6.4,64,6000,Android,2.0,2021,True
378,Infinix Pro 30,Infinix,4857960,16,128,6.5,50,4500,Android,1.7,2023,False
379,Infinix Pro 30,Infinix,5579890,6,64,6.5,50,4500,Android,3.5,2021,False
380,Infinix Pro 6,Infinix,13108666,8,512,6.1,48,5000,Android,2.6,2023,False
381,Infinix Ultra 10,Infinix,17819194,6,256,6.7,64,4000,Android,2.3,2019,False
382,Infinix Ultra 12,Infinix,15483653,12,256,6.8,50,4000,Android,1.2,2022,False
383,Infinix Ultra 13,Infinix,18566466,8,256,6.5,108,6000,Android,3.3,2021,True
384,Infinix Ultra 15,Infinix,8299241,16,128,6.4,50,6000,Android,4.2,2020,True
385,Infinix Ultra 16,Infinix,15578882,8,128,6.4,50,5000,Android,4.6,2021,False
386,Infinix Ultra 18,Infinix,17932515,8,512,6.1,48,5000,Android,5.0,2019,False
387,Infinix Ultra 19,Infinix,9642959,6,64,6.7,64,5000,Android,3.5,2019,False
388,Infinix Ultra 20,Infinix,16331037,6,128,6.1,64,5000,Android,4.0,2020,True
389,Infinix Ultra 20,Infinix,9131922,16,256,6.8,12,6000,Android,3.6,2024,False
390,Infinix Ultra 20,Infinix,23388203,16,512,6.4,108,4500,Android,2.5,2023,True
391,Infinix Ultra 21,Infinix,21387056,4,512,6.5,48,6000,Android,1.8,2021,True
392,Infinix Ultra 22,Infinix,2402133,16,256,6.5,12,6000,Android,1.7,2022,True
393,Infinix Ultra 24,Infinix,11844266,12,512,6.4,108,4500,Android,2.8,2023,False
394,Infinix Ultra 24,Infinix,10545385,6,64,5.5,48,6000,Android,1.7,2020,True
395,Infinix Ultra 26,Infinix,7491682,6,512,6.7,108,6000,Android,2.4,2024,True
396,Infinix Ultra 5,Infinix,15660948,6,256,5.5,48,6000,Android,2.2,2023,True
397,Infinix Ultra 7,Infinix,3943632,6,128,6.4,64,6000,Android,1.1,2019,False
398,Infinix Ultra 7,Infinix,10215192,8,512,6.7,12,4500,Android,3.4,2022,True
399,Infinix Ultra 8,Infinix,17077460,6,64,6.7,12,5000,Android,1.6,2023,True
400,Infinix Ultra 8,Infinix,7420651,12,256,6.8,48,4500,Android,3.1,2021,False
401,Infinix Ultra 8,Infinix,16783669,8,512,6.1,48,5000,Android,4.4,2023,False
402,Infinix Ultra 8,Infinix,15628116,12,128,6.5,48,6000,Android,3.3,2019,False
403,Infinix Ultra 9,Infinix,10365881,4,256,6.5,108,4500,Android,1.8,2020,False
404,Infinix Ultra 9,Infinix,18432854,8,512,6.7,108,5000,Android,2.0,2024,True
405,OnePlus Max 11,OnePlus,8735041,6,64,6.8,48,4500,Android,4.2,2019,False
406,OnePlus Max 12,OnePlus,7747941,4,512,6.8,48,4500,Android,3.8,2020,False
407,OnePlus Max 12,OnePlus,18483138,12,64,6.5,64,4000,Android,1.4,2020,True
408,OnePlus Max 14,OnePlus,9275871,8,64,5.5,64,6000,Android,4.1,2021,False
409,OnePlus Max 14,OnePlus,23953047,4,64,6.1,64,4500,Android,4.8,2024,True
410,OnePlus Max 14,OnePlus,4952524,12,128,6.4,48,4500,Android,1.2,2023,True
411,OnePlus Max 15,OnePlus,24802595,4,128,6.7,48,4000,Android,1.3,2024,True
412,OnePlus Max 16,OnePlus,8152872,8,256,6.7,48,5000,Android,3.0,2021,True
413,OnePlus Max 16,OnePlus,8377735,6,64,6.1,50,5000,Android,1.6,2023,False
414,OnePlus Max 16,OnePlus,8261376,16,256,6.7,12,4000,Android,2.1,2023,True
415,OnePlus Max 18,OnePlus,10860128,16,256,6.1,12,4000,Android,1.1,2019,True
416,OnePlus Max 20,OnePlus,4642389,6,128,6.1,48,4500,Android,2.6,2020,True
417,OnePlus Max 21,OnePlus,8115946,4,256,5.5,64,6000,Android,1.3,2022,True
418,OnePlus Max 22,OnePlus,20451433,8,64,6.8,48,4500,Android,2.7,2023,False
419,OnePlus Max 22,OnePlus,14263329,6,512,6.5,50,4000,Android,2.7,2019,False
420,OnePlus Max 24,OnePlus,7620415,12,512,6.4,50,6000,Android,4.9,2023,False
421,OnePlus Max 24,OnePlus,21504076,16,128,5.5,50,6000,Android,2.5,2019,True
422,OnePlus Max 25,OnePlus,21679889,4,64,5.5,108,5000,Android,4.8,2020,True
423,OnePlus Max 25,OnePlus,10742634,6,256,6.5,12,5000,Android,1.6,2019,False
424,OnePlus Max 27,OnePlus,10688370,6,128,6.8,12,4000,Android,2.5,2019,True
425,OnePlus Max 29,OnePlus,23339156,16,256,6.5,108,4000,Android,3.6,2022,True
426,OnePlus Max 29,OnePlus,23195647,12,64,6.1,50,4000,Android,4.4,2020,True
427,OnePlus Max 6,OnePlus,24038178,8,256,6.8,50,4500,Android,4.8,2019,False
428,OnePlus Max 7,OnePlus,17165909,6,512,6.1,108,6000,Android,3.6,2022,True
429,OnePlus Max 7,OnePlus,15015673,12,256,6.5,108,6000,Android,4.4,2021,False
430,OnePlus Max 7,OnePlus,7607139,4,64,6.5,64,6000,Android,4.4,2022,False
431,OnePlus Note 10,OnePlus,23836647,6,256,6.8,12,4500,Android,4.2,2019,True
432,OnePlus Note 10,OnePlus,3174423,8,64,6.8,12,5000,Android,3.1,2020,True
433,OnePlus Note 14,OnePlus,18924036,8,512,5.5,108,5000,Android,4.7,2023,False
434,OnePlus Note 14,OnePlus,22454584,12,128,6.1,108,4000,Android,4.4,2022,True
435,OnePlus Note 15,OnePlus,3638206,16,128,6.8,108,4500,Android,3.3,2021,True
436,OnePlus Note 16,OnePlus,10178106,4,128,6.5,48,4500,Android,4.0,2023,False
437,OnePlus Note 17,OnePlus,14662641,16,256,5.5,12,4000,Android,3.3,2020,True
438,OnePlus Note 18,OnePlus,24545257,4,64,6.4,50,5000,Android,5.0,2022,True
439,OnePlus Note 20,OnePlus,15159139,4,128,6.1,50,4500,Android,2.4,2021,False
440,OnePlus Note 21,OnePlus,2874382,16,256,6.1,12,6000,Android,1.5,2023,False
441,OnePlus Note 21,OnePlus,20957928,6,512,6.5,50,4500,Android,2.8,2021,True
442,OnePlus Note 22,OnePlus,2039270,6,64,6.4,64,6000,Android,4.2,2021,False
443,OnePlus Note 25,OnePlus,23516633,8,64,6.7,64,4500,Android,3.3,2020,True
444,OnePlus Note 25,OnePlus,22183205,16,128,5.5,12,4500,Android,3.5,2021,True
445,OnePlus Note 25,OnePlus,20865610,16,128,6.1,108,4500,Android,2.2,2020,True
446,OnePlus Note 28,OnePlus,24072223,12,256,6.1,64,6000,Android,4.2,2019,True
447,OnePlus Note 28,OnePlus,24427412,4,64,6.5,12,5000,Android,4.1,2021,False
448,OnePlus Note 28,OnePlus,17304415,12,512,6.8,12,5000,Android,3.3,2022,True
449,OnePlus Note 28,OnePlus,21331113,16,256,6.7,12,6000,Android,1.8,2023,False
450,OnePlus Note 29,OnePlus,11202649,16,64,6.7,12,4500,Android,4.6,2020,True
451,OnePlus Note 5,OnePlus,3355870,8,64,6.7,48,4000,Android,4.0,2019,True
452,OnePlus Note 5,OnePlus,13320834,8,256,6.8,50,4500,Android,4.5,2023,False
453,OnePlus Note 7,OnePlus,8001184,16,128,6.8,64,4000,Android,3.7,2021,True
454,OnePlus Note 9,OnePlus,14851430,12,64,6.4,50,4500,Android,1.7,2020,True
455,OnePlus Note 9,OnePlus,10874500,4,512,6.1,12,4000,Android,5.0,2021,True
456,OnePlus Note 9,OnePlus,18036181,12,128,6.4,12,6000,Android,2.4,2024,True
457,OnePlus Note 9,OnePlus,14061618,16,256,5.5,12,4500,Android,2.3,2019,False
458,OnePlus Pro 10,OnePlus,7805243,8,512,6.8,12,6000,Android,3.1,2021,True
459,OnePlus Pro 11,OnePlus,14246960,8,64,6.8,48,6000,Android,4.2,2024,False
460,OnePlus Pro 12,OnePlus,14154141,4,512,6.1,108,6000,Android,1.8,2019,True
461,OnePlus Pro 12,OnePlus,19530478,8,64,6.5,108,4500,Android,2.2,2020,True
462,OnePlus Pro 14,OnePlus,5398372,6,256,6.7,64,4000,Android,1.3,2020,False
463,OnePlus Pro 14,OnePlus,18564598,6,256,6.8,108,5000,Android,4.9,2020,False
464,OnePlus Pro 16,OnePlus,13282620,12,128,6.7,12,5000,Android,4.0,2019,True
465,OnePlus Pro 16,OnePlus,9785374,6,64,6.1,108,5000,Android,4.9,2023,False
466,OnePlus Pro 16,OnePlus,18009434,8,512,5.5,50,6000,Android,3.1,2023,True
467,OnePlus Pro 17,OnePlus,24616017,16,256,6.4,50,6000,Android,4.1,2023,False
468,OnePlus Pro 17,OnePlus,16955792,4,128,6.8,64,4000,Android,1.8,2021,False
469,OnePlus Pro 17,OnePlus,15372547,16,256,6.4,108,4500,Android,4.0,2023,True
470,OnePlus Pro 19,OnePlus,14550492,16,64,6.7,64,6000,Android,3.5,2021,True
471,OnePlus Pro 21,OnePlus,23314766,4,256,6.5,50,4000,Android,1.9,2020,True
472,OnePlus Pro 22,OnePlus,8170046,16,64,6.4,48,4500,Android,3.4,2019,True
473,OnePlus Pro 23,OnePlus,12066347,8,128,6.5,12,6000,Android,1.7,2022,True
474,OnePlus Pro 23,OnePlus,8138352,4,512,6.4,50,4500,Android,2.9,2021,False
475,OnePlus Pro 24,OnePlus,18649405,16,512,6.1,64,4500,Android,4.0,2019,True
476,OnePlus Pro 24,OnePlus,10493122,12,512,6.8,64,5000,Android,2.4,2020,False
477,OnePlus Pro 24,OnePlus,14685740,8,64,6.7,12,6000,Android,2.0,2020,False
478,OnePlus Pro 26,OnePlus,2483976,8,128,6.8,12,6000,Android,4.2,2019,False
479,OnePlus Pro 27,OnePlus,17175814,12,512,6.8,12,4000,Android,2.1,2023,False
480,OnePlus Pro 28,OnePlus,24384116,4,64,6.5,108,6000,Android,2.0,2023,True
481,OnePlus Pro 28,OnePlus,6613407,4,64,6.5,48,6000,Android,4.7,2021,False
482,OnePlus Pro 28,OnePlus,13737735,16,512,6.8,50,5000,Android,4.5,2020,False
483,OnePlus Pro 29,OnePlus,4672513,6,128,5.5,108,4500,Android,2.0,2021,True
484,OnePlus Pro 29,OnePlus,19374764,16,128,6.7,50,5000,Android,2.3,2023,True
485,OnePlus Pro 30,OnePlus,14981329,16,512,6.8,12,4000,Android,4.7,2022,False
486,OnePlus Pro 6,OnePlus,5136550,8,128,6.7,50,6000,Android,2.8,2021,False
487,OnePlus Pro 6,OnePlus,21461323,8,64,6.8,48,5000,Android,1.8,2020,False
488,OnePlus Pro 9,OnePlus,5579676,8,256,6.8,48,5000,Android,2.0,2023,True
489,OnePlus Pro 9,OnePlus,24972830,16,256,6.5,50,5000,Android,3.3,2019,True
490,OnePlus Ultra 10,OnePlus,22812781,12,512,6.4,12,4000,Android,2.5,2019,False
491,OnePlus Ultra 13,OnePlus,2653512,8,512,6.4,108,4000,Android,3.7,2024,False
492,OnePlus Ultra 15,OnePlus,17969494,16,128,6.7,12,4000,Android,2.6,2021,True
493,OnePlus Ultra 15,OnePlus,24481755,12,128,6.1,64,5000,Android,3.4,2022,False
494,OnePlus Ultra 18,OnePlus,6668955,6,256,6.1,108,5000,Android,2.6,2019,True
495,OnePlus Ultra 18,OnePlus,24036047,4,64,6.5,50,5000,Android,5.0,2022,False
496,OnePlus Ultra 19,OnePlus,5431858,6,128,6.4,108,4000,Android,4.3,2019,False
497,OnePlus Ultra 20,OnePlus,11805453,8,64,6.5,108,4500,Android,2.4,2024,True
498,OnePlus Ultra 22,OnePlus,3502042,12,128,5.5,12,6000,Android,4.0,2023,True
499,OnePlus Ultra 22,OnePlus,21873923,12,128,6.4,50,4000,Android,5.0,2024,True
500,OnePlus Ultra 23,OnePlus,3030481,12,128,6.7,108,4000,Android,3.9,2019,True
501,OnePlus Ultra 24,OnePlus,19582826,8,128,6.8,48,4500,Android,1.7,2023,True
502,OnePlus Ultra 24,OnePlus,3692920,8,128,6.5,64,4500,Android,3.4,2023,False
503,OnePlus Ultra 25,OnePlus,15524807,16,128,5.5,12,4500,Android,3.9,2019,True
504,OnePlus Ultra 26,OnePlus,17899510,6,256,6.7,12,5000,Android,1.5,2019,False
505,OnePlus Ultra 26,OnePlus,17006255,6,64,6.5,48,4000,Android,3.2,2023,False
506,OnePlus Ultra 28,OnePlus,7083739,4,256,6.8,64,5000,Android,4.4,2024,False
507,OnePlus Ultra 29,OnePlus,23754323,16,64,6.4,50,4500,Android,2.3,2023,True
508,OnePlus Ultra 30,OnePlus,20912048,4,64,6.8,48,6000,Android,3.8,2020,True
509,OnePlus Ultra 6,OnePlus,21520107,4,64,5.5,108,4000,Android,2.2,2019,True
510,OnePlus Ultra 6,OnePlus,22806831,8,64,6.4,64,6000,Android,3.2,2020,False
511,OnePlus Ultra 7,OnePlus,20066198,8,128,6.5,64,6000,Android,1.7,2022,True
512,OnePlus Ultra 7,OnePlus,22821178,16,256,6.5,64,4500,Android,1.6,2019,False
513,OnePlus Ultra 8,OnePlus,23282104,4,64,6.7,64,4500,Android,1.8,2024,False
514,Oppo Max 10,Oppo,21204576,6,512,6.4,12,6000,Android,3.8,2021,True
515,Oppo Max 11,Oppo,1900039,12,512,6.7,48,4000,Android,2.6,2022,True
516,Oppo Max 12,Oppo,11628532,6,512,6.1,50,6000,Android,4.7,2019,True
517,Oppo Max 13,Oppo,6672277,12,64,5.5,50,5000,Android,1.4,2019,False
518,Oppo Max 14,Oppo,6043699,16,512,6.1,108,5000,Android,1.5,2023,False
519,Oppo Max 14,Oppo,16447186,16,128,6.4,64,6000,Android,3.5,2022,False
520,Oppo Max 14,Oppo,17976626,16,512,6.4,64,4500,Android,4.5,2023,True
521,Oppo Max 15,Oppo,20695812,16,64,6.7,108,6000,Android,1.8,2022,False
522,Oppo Max 16,Oppo,7113005,16,128,6.8,108,4000,Android,1.5,2019,False
523,Oppo Max 16,Oppo,8997137,8,256,6.7,108,6000,Android,4.7,2020,False
524,Oppo Max 18,Oppo,22051059,12,128,6.5,12,4500,Android,2.9,2022,True
525,Oppo Max 21,Oppo,21415448,8,128,6.1,48,6000,Android,4.3,2020,True
526,Oppo Max 24,Oppo,1762788,8,256,5.5,12,5000,Android,2.5,2024,False
527,Oppo Max 24,Oppo,16162548,8,128,6.5,108,5000,Android,1.9,2020,True
528,Oppo Max 28,Oppo,9405893,4,128,6.4,64,4000,Android,3.8,2022,False
529,Oppo Max 30,Oppo,7994546,16,256,5.5,50,4500,Android,1.3,2022,True
530,Oppo Max 5,Oppo,14016331,8,128,6.1,48,5000,Android,4.1,2023,True
531,Oppo Max 8,Oppo,19540018,4,256,6.1,108,4500,Android,1.7,2019,False
532,Oppo Max 8,Oppo,2407971,4,64,6.5,50,4500,Android,1.4,2019,True
533,Oppo Max 8,Oppo,20335124,16,128,6.1,12,4000,Android,3.3,2023,False
534,Oppo Note 12,Oppo,15674168,6,128,6.8,48,4000,Android,1.8,2019,True
535,Oppo Note 14,Oppo,20998117,6,128,6.7,50,4500,Android,4.1,2021,False
536,Oppo Note 14,Oppo,2234996,8,512,6.8,108,4500,Android,4.9,2020,False
537,Oppo Note 15,Oppo,19617071,4,512,6.7,64,5000,Android,2.6,2023,True
538,Oppo Note 16,Oppo,2517955,8,64,5.5,108,6000,Android,2.2,2023,False
539,Oppo Note 18,Oppo,20871615,6,256,6.5,50,6000,Android,4.2,2019,False
540,Oppo Note 19,Oppo,10627512,4,512,6.5,108,5000,Android,1.7,2019,False
541,Oppo Note 19,Oppo,21149204,16,64,6.5,64,4000,Android,3.4,2020,False
542,Oppo Note 21,Oppo,9079278,8,128,6.7,48,4000,Android,4.6,2024,False
543,Oppo Note 21,Oppo,4333261,12,512,6.4,50,4000,Android,3.6,2021,True
544,Oppo Note 24,Oppo,22267891,6,64,6.4,50,6000,Android,4.1,2024,False
545,Oppo Note 25,Oppo,18672229,8,512,6.5,50,6000,Android,1.6,2022,False
546,Oppo Note 25,Oppo,6399552,8,128,6.7,108,6000,Android,4.0,2022,False
547,Oppo Note 26,Oppo,20168107,12,128,5.5,48,6000,Android,2.3,2024,False
548,Oppo Note 26,Oppo,14404589,6,128,6.4,50,5000,Android,4.3,2022,False
549,Oppo Note 28,Oppo,21097682,16,256,6.8,50,4000,Android,2.2,2023,False
550,Oppo Note 29,Oppo,16018579,4,512,6.1,12,5000,Android,1.8,2019,False
551,Oppo Note 29,Oppo,5326233,16,512,6.4,50,4000,Android,1.5,2019,False
552,Oppo Note 5,Oppo,13329418,16,64,5.5,12,4000,Android,3.6,2024,False
553,Oppo Note 6,Oppo,5329004,12,128,6.4,50,4000,Android,3.5,2022,True
554,Oppo Note 8,Oppo,7985747,6,256,6.8,64,4500,Android,1.5,2021,False
555,Oppo Note 9,Oppo,3705286,6,256,6.7,48,4500,Android,3.0,2021,False
556,Oppo Pro 11,Oppo,10669727,12,128,6.4,50,5000,Android,1.2,2022,True
557,Oppo Pro 12,Oppo,19832476,8,128,6.7,64,6000,Android,2.2,2024,False
558,Oppo Pro 12,Oppo,18254923,16,64,6.4,50,6000,Android,2.9,2022,False
559,Oppo Pro 13,Oppo,24078265,16,512,6.5,50,5000,Android,3.6,2021,False
560,Oppo Pro 14,Oppo,8572840,12,64,6.1,12,6000,Android,1.7,2019,False
561,Oppo Pro 15,Oppo,10310020,12,128,6.4,108,6000,Android,2.7,2020,False
562,Oppo Pro 15,Oppo,2752397,6,512,5.5,48,4500,Android,3.3,2019,True
563,Oppo Pro 15,Oppo,14501482,16,128,6.4,108,5000,Android,3.0,2019,True
564,Oppo Pro 16,Oppo,24726137,6,512,6.8,108,4000,Android,2.7,2022,True
565,Oppo Pro 18,Oppo,1570627,12,256,5.5,12,4000,Android,1.1,2020,True
566,Oppo Pro 18,Oppo,23176600,16,512,6.7,64,4000,Android,3.7,2023,False
567,Oppo Pro 19,Oppo,16056002,8,128,6.5,48,5000,Android,1.5,2023,False
568,Oppo Pro 20,Oppo,22541042,4,512,6.8,50,6000,Android,3.7,2021,False
569,Oppo Pro 20,Oppo,15106127,16,512,6.7,12,5000,Android,2.6,2022,True
570,Oppo Pro 20,Oppo,16234332,6,512,6.7,50,4000,Android,4.4,2021,True
571,Oppo Pro 21,Oppo,13671960,6,64,6.1,48,6000,Android,2.8,2023,True
572,Oppo Pro 22,Oppo,23092783,6,128,6.8,64,6000,Android,1.5,2019,True
573,Oppo Pro 25,Oppo,10586832,16,256,6.8,50,6000,Android,4.5,2023,True
574,Oppo Pro 28,Oppo,17891423,6,128,6.4,50,6000,Android,3.9,2019,True
575,Oppo Pro 6,Oppo,8169681,8,64,6.5,12,4000,Android,3.7,2024,False
576,Oppo Pro 6,Oppo,22012586,16,512,6.8,50,4000,Android,3.1,2020,False
577,Oppo Pro 6,Oppo,9470373,4,128,5.5,12,4500,Android,3.1,2019,False
578,Oppo Pro 8,Oppo,9990974,4,256,6.4,64,4000,Android,1.5,2019,True
579,Oppo Pro 8,Oppo,19163662,16,128,6.5,64,4500,Android,2.7,2021,False
580,Oppo Ultra 11,Oppo,3193413,12,128,6.1,50,4000,Android,3.8,2021,True
581,Oppo Ultra 13,Oppo,15928270,6,256,6.5,12,5000,Android,3.2,2024,True
582,Oppo Ultra 14,Oppo,2733885,8,512,6.4,108,5000,Android,2.0,2023,True
583,Oppo Ultra 14,Oppo,5914817,16,64,5.5,108,5000,Android,2.8,2019,False
584,Oppo Ultra 15,Oppo,3606719,8,512,6.4,12,5000,Android,4.3,2020,True
585,Oppo Ultra 15,Oppo,13483544,8,256,6.1,64,4000,Android,4.1,2021,True
586,Oppo Ultra 17,Oppo,24083343,6,256,5.5,64,6000,Android,1.9,2019,False
587,Oppo Ultra 18,Oppo,19095973,12,64,6.5,64,4500,Android,4.5,2019,True
588,Oppo Ultra 20,Oppo,6684973,4,512,6.1,64,4000,Android,3.6,2021,False
589,Oppo Ultra 21,Oppo,7382631,4,128,5.5,12,4000,Android,3.0,2020,True
590,Oppo Ultra 22,Oppo,2648254,6,128,6.4,50,6000,Android,1.5,2022,False
591,Oppo Ultra 22,Oppo,19377973,6,64,6.8,50,4500,Android,4.8,2022,True
592,Oppo Ultra 23,Oppo,24544760,16,512,6.7,50,5000,Android,2.3,2019,False
593,Oppo Ultra 23,Oppo,13834440,16,64,6.7,50,4000,Android,2.5,2021,False
594,Oppo Ultra 24,Oppo,6042246,6,512,6.8,12,4500,Android,2.2,2023,True
595,Oppo Ultra 27,Oppo,14628507,4,128,6.8,50,4500,Android,4.2,2024,True
596,Oppo Ultra 28,Oppo,10311337,8,64,6.5,108,6000,Android,4.9,2021,True
597,Oppo Ultra 29,Oppo,2836545,8,64,6.7,108,4000,Android,3.3,2020,True
598,Oppo Ultra 30,Oppo,15241640,12,64,6.7,50,5000,Android,2.2,2023,False
599,Oppo Ultra 6,Oppo,18429262,16,64,6.5,48,5000,Android,4.1,2019,False
600,Oppo Ultra 7,Oppo,15259267,12,64,5.5,50,4500,Android,4.8,2022,False
601,Oppo Ultra 9,Oppo,16747793,6,512,6.7,12,4000,Android,4.5,2022,False
602,Realme Max 10,Realme,16311828,12,256,5.5,64,6000,Android,2.7,2023,False
603,Realme Max 15,Realme,3156318,16,256,6.5,108,4500,Android,3.3,2023,False
604,Realme Max 16,Realme,24782298,6,128,6.5,64,6000,Android,3.4,2022,True
605,Realme Max 17,Realme,13646735,6,512,6.8,50,4000,Android,1.2,2024,True
606,Realme Max 18,Realme,23055944,16,128,6.8,50,4500,Android,4.6,2020,False
607,Realme Max 19,Realme,19436376,4,256,6.1,64,4000,Android,3.6,2021,False
608,Realme Max 20,Realme,20769883,16,256,6.7,108,4000,Android,1.9,2022,False
609,Realme Max 21,Realme,20785861,6,64,6.5,50,5000,Android,4.2,2024,False
610,Realme Max 21,Realme,15879968,6,64,6.5,108,4000,Android,4.0,2024,True
611,Realme Max 23,Realme,9879436,6,512,5.5,108,4000,Android,1.4,2023,True
612,Realme Max 23,Realme,5328645,12,128,6.1,50,4000,Android,1.0,2023,False
613,Realme Max 23,Realme,22929823,6,128,6.1,50,4500,Android,2.2,2021,True
614,Realme Max 24,Realme,11743988,4,128,6.1,108,5000,Android,3.7,2022,False
615,Realme Max 24,Realme,4923462,16,64,6.4,48,6000,Android,4.1,2023,True
616,Realme Max 25,Realme,1575559,6,512,6.4,12,4000,Android,4.0,2021,True
617,Realme Max 26,Realme,20297304,8,128,6.5,12,5000,Android,1.9,2023,True
618,Realme Max 27,Realme,15725998,6,128,5.5,50,6000,Android,4.1,2022,False
619,Realme Max 5,Realme,6138119,8,256,6.1,12,6000,Android,4.0,2020,True
620,Realme Max 6,Realme,7497152,8,512,6.5,12,4500,Android,3.6,2022,False
621,Realme Max 6,Realme,20905286,6,128,6.1,64,4500,Android,2.8,2024,False
622,Realme Max 7,Realme,3013880,4,512,6.5,64,6000,Android,4.0,2021,True
623,Realme Max 7,Realme,5853359,12,64,6.4,64,6000,Android,3.9,2023,False
624,Realme Max 8,Realme,13534478,4,512,6.4,12,5000,Android,2.7,2023,False
625,Realme Note 11,Realme,2984139,6,64,6.8,108,4500,Android,2.8,2020,False
626,Realme Note 11,Realme,15805775,16,64,6.1,50,5000,Android,4.6,2019,False
627,Realme Note 12,Realme,22981641,4,64,6.7,48,5000,Android,4.5,2019,False
628,Realme Note 14,Realme,22315930,12,256,6.7,108,4000,Android,1.3,2021,True
629,Realme Note 16,Realme,11332930,6,256,6.5,108,4500,Android,4.3,2021,True
630,Realme Note 17,Realme,18249641,4,64,6.7,64,4000,Android,3.0,2021,False
631,Realme Note 19,Realme,7034483,8,512,6.8,108,5000,Android,2.6,2021,True
632,Realme Note 19,Realme,11862396,4,256,5.5,48,5000,Android,4.7,2021,False
633,Realme Note 20,Realme,12808275,6,128,6.1,12,6000,Android,1.7,2024,False
634,Realme Note 20,Realme,20037035,6,64,6.5,48,4500,Android,4.9,2024,False
635,Realme Note 20,Realme,9254151,16,512,6.1,108,5000,Android,2.6,2022,True
636,Realme Note 20,Realme,19772871,6,64,6.5,48,4500,Android,2.8,2023,False
637,Realme Note 21,Realme,6485656,6,128,6.8,50,4500,Android,1.9,2022,False
638,Realme Note 23,Realme,20711041,6,128,6.1,50,4500,Android,2.3,2019,False
639,Realme Note 24,Realme,11002841,12,64,6.4,64,4000,Android,3.2,2023,False
640,Realme Note 24,Realme,17017168,8,512,6.5,64,4000,Android,4.3,2022,False
641,Realme Note 24,Realme,10292705,6,512,6.7,48,4000,Android,4.2,2020,False
642,Realme Note 26,Realme,4237905,12,64,6.1,108,4500,Android,4.7,2020,True
643,Realme Note 27,Realme,18001352,4,512,5.5,12,5000,Android,3.3,2020,False
644,Realme Note 28,Realme,4237279,8,128,6.1,12,4000,Android,4.6,2019,False
645,Realme Note 28,Realme,14439693,16,256,6.7,12,4000,Android,3.9,2019,False
646,Realme Note 29,Realme,10062620,12,256,6.8,64,6000,Android,1.1,2020,True
647,Realme Note 29,Realme,15263465,12,256,6.7,50,4000,Android,1.5,2020,True
648,Realme Note 30,Realme,17264062,16,512,6.1,64,5000,Android,3.9,2022,False
649,Realme Note 30,Realme,6779277,8,256,6.8,108,4000,Android,1.8,2019,True
650,Realme Note 30,Realme,9660168,8,256,5.5,50,5000,Android,4.7,2024,False
651,Realme Note 5,Realme,19897555,4,64,6.4,50,4000,Android,3.5,2019,False
652,Realme Note 5,Realme,15253946,6,512,6.5,48,5000,Android,2.6,2022,False
653,Realme Note 5,Realme,19825594,8,256,6.4,108,6000,Android,4.3,2020,True
654,Realme Note 6,Realme,5528167,4,256,6.4,108,5000,Android,1.6,2023,True
655,Realme Note 7,Realme,10818303,6,128,6.7,48,4000,Android,3.9,2024,True
656,Realme Note 8,Realme,16362657,6,512,6.1,108,5000,Android,4.6,2020,True
657,Realme Note 9,Realme,7506925,6,512,6.8,64,4000,Android,4.5,2021,True
658,Realme Pro 10,Realme,17017365,8,256,6.7,12,4000,Android,1.8,2021,True
659,Realme Pro 11,Realme,18617484,4,128,5.5,64,4000,Android,3.6,2022,False
660,Realme Pro 12,Realme,18887834,6,256,6.8,12,6000,Android,1.6,2020,False
661,Realme Pro 12,Realme,20130131,4,256,5.5,108,4500,Android,4.0,2020,True
662,Realme Pro 14,Realme,17813919,8,512,6.5,12,4500,Android,4.9,2019,False
663,Realme Pro 18,Realme,14076457,16,256,6.8,50,6000,Android,4.3,2023,False
664,Realme Pro 18,Realme,7044421,8,512,6.8,108,4000,Android,3.1,2020,False
665,Realme Pro 18,Realme,5901275,6,256,6.5,50,4000,Android,4.0,2023,True
666,Realme Pro 18,Realme,13971670,16,512,5.5,64,4500,Android,1.0,2021,False
667,Realme Pro 21,Realme,6904008,12,256,6.8,64,5000,Android,2.2,2022,False
668,Realme Pro 22,Realme,14547695,12,256,5.5,12,4000,Android,4.0,2020,True
669,Realme Pro 23,Realme,6187084,6,128,6.7,48,4000,Android,1.9,2020,True
670,Realme Pro 25,Realme,8178293,16,512,6.8,12,6000,Android,4.4,2021,False
671,Realme Pro 25,Realme,23079442,16,128,5.5,48,4000,Android,2.0,2020,False
672,Realme Pro 26,Realme,6688030,12,256,6.5,12,6000,Android,4.3,2024,False
673,Realme Pro 27,Realme,21855150,8,256,6.8,50,6000,Android,2.0,2020,True
674,Realme Pro 28,Realme,21518192,6,64,6.7,48,4500,Android,1.5,2022,True
675,Realme Pro 29,Realme,14699576,12,64,6.7,50,4500,Android,4.3,2023,True
676,Realme Pro 29,Realme,14974339,12,512,6.8,48,4000,Android,1.6,2019,True
677,Realme Pro 30,Realme,17395387,16,64,6.5,50,5000,Android,3.6,2023,True
678,Realme Pro 5,Realme,21921655,12,256,6.7,108,4000,Android,2.7,2022,True
679,Realme Pro 7,Realme,2172249,12,256,6.7,50,4500,Android,2.1,2023,False
680,Realme Pro 8,Realme,8160880,6,64,6.4,12,4500,Android,4.6,2021,False
681,Realme Ultra 11,Realme,11028722,16,64,5.5,12,4500,Android,3.9,2024,True
682,Realme Ultra 11,Realme,2215478,16,256,6.4,108,4000,Android,1.4,2020,True
683,Realme Ultra 11,Realme,10749075,6,256,6.5,50,6000,Android,4.6,2023,True
684,Realme Ultra 13,Realme,18699830,8,256,5.5,50,5000,Android,4.6,2019,False
685,Realme Ultra 13,Realme,20527337,4,256,5.5,64,5000,Android,2.9,2023,False
686,Realme Ultra 14,Realme,4076440,16,512,6.1,108,4000,Android,2.2,2022,True
687,Realme Ultra 14,Realme,12059492,6,512,6.5,64,4000,Android,1.6,2021,False
688,Realme Ultra 14,Realme,18840190,12,512,5.5,50,5000,Android,1.3,2024,False
689,Realme Ultra 15,Realme,8457311,12,64,6.4,48,6000,Android,2.1,2020,True
690,Realme Ultra 16,Realme,6675445,4,128,6.7,108,4500,Android,3.0,2021,False
691,Realme Ultra 16,Realme,23427886,12,64,6.4,12,6000,Android,1.9,2021,False
692,Realme Ultra 16,Realme,8883818,4,128,6.5,64,5000,Android,4.1,2022,False
693,Realme Ultra 17,Realme,4420963,6,128,6.1,64,4500,Android,3.1,2024,True
694,Realme Ultra 18,Realme,15859221,12,256,6.1,12,4500,Android,1.5,2024,False
695,Realme Ultra 19,Realme,8778668,6,512,6.8,64,4500,Android,4.1,2020,False
696,Realme Ultra 20,Realme,18754387,6,512,6.4,108,6000,Android,1.8,2024,False
697,Realme Ultra 22,Realme,8370325,12,512,5.5,64,6000,Android,3.7,2023,False
698,Realme Ultra 23,Realme,23530037,8,512,6.1,12,6000,Android,1.7,2023,True
699,Realme Ultra 25,Realme,15125326,12,128,5.5,108,4500,Android,4.1,2023,False
700,Realme Ultra 25,Realme,1543848,12,512,6.1,48,4500,Android,2.9,2020,False
701,Realme Ultra 25,Realme,21232763,12,512,6.5,12,4500,Android,4.6,2023,True
702,Realme Ultra 26,Realme,5753547,6,256,6.7,12,5000,Android,3.0,2022,False
703,Realme Ultra 27,Realme,12913883,8,256,6.7,12,4500,Android,2.6,2022,True
704,Realme Ultra 30,Realme,20152446,16,128,6.8,64,5000,Android,3.7,2021,False
705,Realme Ultra 30,Realme,17919919,8,64,6.7,64,5000,Android,3.0,2023,True
706,Realme Ultra 30,Realme,5282924,12,64,6.7,64,4000,Android,2.9,2021,False
707,Realme Ultra 5,Realme,3857566,4,256,5.5,108,6000,Android,4.4,2019,True
708,Realme Ultra 6,Realme,17223212,8,64,6.7,50,4500,Android,3.8,2021,False
709,Realme Ultra 7,Realme,8688113,8,64,6.1,12,4500,Android,4.9,2022,False
710,Realme Ultra 8,Realme,5851303,16,64,6.1,50,4500,Android,1.2,2020,True
711,Realme Ultra 8,Realme,10582579,16,128,6.1,108,4000,Android,1.5,2020,True
712,Realme Ultra 9,Realme,18859573,6,64,6.4,50,6000,Android,1.1,2022,True
713,Samsung Max 10,Samsung,18839355,4,512,5.5,50,6000,Android,1.4,2020,True
714,Samsung Max 12,Samsung,5388186,16,256,6.5,50,4000,Android,1.2,2019,False
715,Samsung Max 14,Samsung,11392563,6,64,6.4,64,4500,Android,2.1,2022,False
716,Samsung Max 14,Samsung,8625381,12,256,6.8,50,4000,Android,4.8,2023,True
717,Samsung Max 16,Samsung,13957467,12,64,5.5,50,6000,Android,4.9,2020,True
718,Samsung Max 16,Samsung,11941512,12,128,6.7,12,5000,Android,2.9,2019,False
719,Samsung Max 17,Samsung,19005580,16,256,5.5,48,6000,Android,4.0,2021,True
720,Samsung Max 18,Samsung,2363295,12,256,6.1,12,5000,Android,1.1,2019,True
721,Samsung Max 18,Samsung,6767320,8,512,6.7,48,5000,Android,4.8,2023,True
722,Samsung Max 18,Samsung,21222536,12,128,5.5,108,4000,Android,3.3,2023,True
723,Samsung Max 18,Samsung,21006863,16,128,6.4,12,4000,Android,3.0,2020,True
724,Samsung Max 20,Samsung,12339030,8,512,5.5,108,4500,Android,3.0,2023,False
725,Samsung Max 20,Samsung,15573726,12,256,5.5,48,4000,Android,4.1,2021,False
726,Samsung Max 22,Samsung,9529787,4,512,6.7,12,6000,Android,2.9,2024,False
727,Samsung Max 23,Samsung,10595253,4,512,6.1,64,4500,Android,3.2,2024,False
728,Samsung Max 24,Samsung,24283873,8,128,6.4,108,5000,Android,2.8,2022,False
729,Samsung Max 24,Samsung,2913167,8,128,6.5,108,4500,Android,2.3,2020,True
730,Samsung Max 24,Samsung,12193503,12,256,6.4,12,6000,Android,2.6,2022,False
731,Samsung Max 25,Samsung,15252644,12,512,6.1,12,4500,Android,4.6,2021,True
732,Samsung Max 25,Samsung,18491146,4,128,6.4,108,4500,Android,4.5,2019,False
733,Samsung Max 26,Samsung,14950161,12,512,5.5,50,6000,Android,4.3,2021,False
734,Samsung Max 26,Samsung,23051763,4,512,6.5,48,4000,Android,3.9,2019,False
735,Samsung Max 28,Samsung,13219219,4,64,6.7,48,6000,Android,3.2,2021,False
736,Samsung Max 28,Samsung,21458925,4,256,6.8,12,4500,Android,4.3,2020,False
737,Samsung Max 29,Samsung,24261645,16,512,6.7,64,6000,Android,1.2,2023,False
738,Samsung Max 30,Samsung,11718028,8,128,5.5,12,5000,Android,2.1,2022,False
739,Samsung Max 30,Samsung,3866755,8,256,6.7,64,4500,Android,4.5,2023,True
740,Samsung Max 30,Samsung,1987608,6,512,6.1,64,6000,Android,3.1,2021,True
741,Samsung Max 5,Samsung,15247695,8,256,5.5,50,4500,Android,2.3,2019,True
742,Samsung Max 5,Samsung,18642958,8,128,6.4,64,6000,Android,2.4,2021,False
743,Samsung Max 6,Samsung,13745538,16,512,5.5,48,4000,Android,3.9,2019,False
744,Samsung Max 7,Samsung,21033265,6,512,6.7,12,5000,Android,2.2,2023,True
745,Samsung Note 15,Samsung,9414993,16,64,6.1,48,5000,Android,2.6,2019,True
746,Samsung Note 15,Samsung,15426365,6,128,6.1,64,4000,Android,2.3,2019,True
747,Samsung Note 16,Samsung,10835276,12,256,6.4,50,6000,Android,1.5,2023,True
748,Samsung Note 17,Samsung,1609969,4,128,6.4,12,6000,Android,4.9,2023,True
749,Samsung Note 17,Samsung,17552103,16,64,5.5,108,4000,Android,3.9,2020,True
750,Samsung Note 19,Samsung,16161072,16,64,6.5,108,6000,Android,1.2,2023,True
751,Samsung Note 20,Samsung,11989537,12,512,6.5,48,5000,Android,3.1,2022,False
752,Samsung Note 21,Samsung,14835439,12,128,5.5,12,6000,Android,4.5,2020,False
753,Samsung Note 22,Samsung,4749255,6,64,6.8,12,5000,Android,4.4,2022,False
754,Samsung Note 22,Samsung,6086585,6,128,6.5,12,5000,Android,2.4,2022,True
755,Samsung Note 23,Samsung,8749452,6,256,5.5,48,4000,Android,3.6,2023,True
756,Samsung Note 23,Samsung,24060437,8,512,6.7,48,6000,Android,2.4,2019,False
757,Samsung Note 25,Samsung,15516033,6,128,6.8,50,5000,Android,1.3,2023,True
758,Samsung Note 25,Samsung,9121191,16,64,6.5,12,4500,Android,2.9,2020,True
759,Samsung Note 27,Samsung,18589276,12,64,6.1,64,4500,Android,3.9,2023,False
760,Samsung Note 28,Samsung,6923289,6,512,5.5,12,4000,Android,4.2,2019,False
761,Samsung Note 28,Samsung,6659704,8,512,6.7,50,4500,Android,2.3,2022,False
762,Samsung Note 29,Samsung,24208109,6,256,6.4,12,5000,Android,3.6,2020,False
763,Samsung Note 29,Samsung,2453928,8,256,6.8,50,5000,Android,3.1,2021,False
764,Samsung Note 5,Samsung,19876000,8,512,6.5,12,4000,Android,4.8,2022,True
765,Samsung Note 5,Samsung,12619391,4,64,5.5,108,4000,Android,1.8,2021,True
766,Samsung Note 6,Samsung,22245436,6,512,6.8,64,4500,Android,3.2,2024,False
767,Samsung Note 8,Samsung,9638947,4,128,6.7,12,5000,Android,4.0,2019,False
768,Samsung Pro 10,Samsung,15654532,4,128,6.5,50,4000,Android,2.1,2023,True
769,Samsung Pro 13,Samsung,16550691,4,128,6.7,64,5000,Android,3.2,2023,False
770,Samsung Pro 15,Samsung,23057180,4,128,6.8,12,6000,Android,2.2,2022,False
771,Samsung Pro 17,Samsung,14335313,4,512,6.1,48,6000,Android,2.7,2021,True
772,Samsung Pro 17,Samsung,3482554,6,512,6.8,50,4000,Android,2.7,2024,True
773,Samsung Pro 17,Samsung,17417565,6,256,6.5,48,4000,Android,4.9,2022,False
774,Samsung Pro 20,Samsung,21950082,16,256,6.5,108,4500,Android,2.2,2021,True
775,Samsung Pro 21,Samsung,8342812,12,128,6.4,12,4500,Android,3.0,2022,True
776,Samsung Pro 21,Samsung,6188913,12,256,6.8,48,4500,Android,1.8,2019,False
777,Samsung Pro 21,Samsung,12078392,12,64,5.5,64,6000,Android,3.2,2019,True
778,Samsung Pro 22,Samsung,21957828,12,128,6.5,12,6000,Android,4.1,2024,True
779,Samsung Pro 22,Samsung,18105759,16,64,6.7,12,4000,Android,5.0,2023,True
780,Samsung Pro 23,Samsung,22315129,8,256,5.5,12,4000,Android,4.0,2024,False
781,Samsung Pro 25,Samsung,14798198,6,256,6.7,108,4000,Android,1.8,2022,True
782,Samsung Pro 25,Samsung,17631617,6,256,6.4,48,5000,Android,3.9,2023,False
783,Samsung Pro 25,Samsung,21946284,16,64,6.5,12,4000,Android,3.9,2022,True
784,Samsung Pro 26,Samsung,19431235,4,64,6.1,64,5000,Android,4.5,2022,False
785,Samsung Pro 27,Samsung,8078234,16,128,6.1,108,5000,Android,3.8,2024,True
786,Samsung Pro 27,Samsung,21828750,8,128,5.5,48,6000,Android,2.6,2020,True
787,Samsung Pro 29,Samsung,23841161,6,64,6.8,12,6000,Android,3.9,2021,True
788,Samsung Pro 29,Samsung,22680434,12,128,6.1,108,4000,Android,4.0,2019,True
789,Samsung Pro 30,Samsung,8897920,12,512,6.4,108,5000,Android,2.8,2022,True
790,Samsung Pro 5,Samsung,8222336,16,64,6.4,48,4000,Android,2.8,2021,True
791,Samsung Pro 6,Samsung,7226949,12,256,6.8,48,6000,Android,2.8,2023,True
792,Samsung Pro 9,Samsung,16099252,6,128,6.8,64,4500,Android,3.3,2020,True
793,Samsung Pro 9,Samsung,3240576,4,64,6.4,108,6000,Android,2.5,2021,True
794,Samsung Pro 9,Samsung,6833387,6,256,6.8,12,6000,Android,4.1,2019,False
795,Samsung Ultra 10,Samsung,20134627,12,256,6.5,50,6000,Android,3.1,2023,True
796,Samsung Ultra 12,Samsung,19406951,16,512,6.8,108,4000,Android,2.9,2023,True
797,Samsung Ultra 14,Samsung,19887641,4,512,6.5,64,4500,Android,4.7,2023,True
798,Samsung Ultra 14,Samsung,3984532,8,128,6.4,48,6000,Android,4.6,2022,False
799,Samsung Ultra 18,Samsung,1524570,8,128,6.8,64,5000,Android,2.3,2023,True
800,Samsung Ultra 20,Samsung,4233694,16,256,5.5,64,6000,Android,3.7,2021,False
801,Samsung Ultra 20,Samsung,14128594,4,128,6.1,12,4000,Android,4.0,2019,False
802,Samsung Ultra 24,Samsung,9901631,12,64,6.4,12,4500,Android,2.9,2024,False
803,Samsung Ultra 25,Samsung,15978806,6,256,6.8,48,5000,Android,1.0,2019,True
804,Samsung Ultra 26,Samsung,18178686,4,512,6.1,108,4000,Android,1.0,2023,False
805,Samsung Ultra 26,Samsung,3237894,8,64,6.8,48,5000,Android,4.5,2023,True
806,Samsung Ultra 26,Samsung,9632018,16,128,6.7,108,6000,Android,1.6,2023,True
807,Samsung Ultra 26,Samsung,18079343,16,512,6.8,50,6000,Android,2.2,2021,False
808,Samsung Ultra 26,Samsung,11207804,12,256,6.1,64,4000,Android,3.8,2021,False
809,Samsung Ultra 28,Samsung,12168074,4,512,6.1,50,6000,Android,4.9,2021,True
810,Samsung Ultra 28,Samsung,6627638,4,256,6.5,108,6000,Android,4.3,2020,False
811,Samsung Ultra 7,Samsung,1855991,8,128,6.5,64,6000,Android,1.8,2023,False
812,Samsung Ultra 8,Samsung,18248769,6,64,6.4,48,5000,Android,2.2,2019,True
813,Samsung Ultra 9,Samsung,14580784,12,64,6.7,50,4000,Android,3.6,2022,True
814,Vivo Max 10,Vivo,15801842,16,128,6.8,50,5000,Android,2.6,2020,True
815,Vivo Max 12,Vivo,15990864,16,128,6.8,12,4500,Android,1.9,2019,True
816,Vivo Max 13,Vivo,13211798,16,128,6.7,48,5000,Android,1.9,2019,False
817,Vivo Max 15,Vivo,14848840,4,64,6.5,48,6000,Android,1.3,2020,False
818,Vivo Max 16,Vivo,13062991,4,512,6.4,108,6000,Android,2.3,2020,False
819,Vivo Max 17,Vivo,23858993,16,64,5.5,108,4500,Android,2.3,2019,False
820,Vivo Max 17,Vivo,19336961,6,512,6.5,12,4000,Android,3.7,2021,True
821,Vivo Max 18,Vivo,12718450,12,256,6.1,48,6000,Android,4.4,2020,True
822,Vivo Max 20,Vivo,8483654,16,512,6.7,12,4500,Android,3.6,2023,False
823,Vivo Max 20,Vivo,24295423,6,64,6.8,12,6000,Android,3.6,2019,False
824,Vivo Max 20,Vivo,17161206,8,128,5.5,64,4000,Android,1.0,2024,True
825,Vivo Max 22,Vivo,6403617,12,64,6.4,12,4000,Android,3.2,2024,True
826,Vivo Max 22,Vivo,8808804,12,128,6.8,48,5000,Android,3.5,2022,False
827,Vivo Max 22,Vivo,24818356,6,128,6.1,108,6000,Android,4.8,2020,False
828,Vivo Max 23,Vivo,19306399,6,128,6.4,108,6000,Android,1.9,2022,True
829,Vivo Max 23,Vivo,7956105,6,512,5.5,64,5000,Android,1.5,2022,False
830,Vivo Max 23,Vivo,22106182,4,64,6.7,48,6000,Android,3.0,2023,True
831,Vivo Max 25,Vivo,8762609,16,256,6.5,12,4000,Android,4.2,2023,False
832,Vivo Max 25,Vivo,23656448,16,512,6.8,50,4500,Android,1.4,2022,True
833,Vivo Max 28,Vivo,23199905,4,256,5.5,64,6000,Android,1.5,2022,False
834,Vivo Max 28,Vivo,8760117,6,512,6.4,108,4000,Android,3.9,2022,True
835,Vivo Max 29,Vivo,11754999,8,64,6.5,48,4500,Android,1.9,2019,True
836,Vivo Max 5,Vivo,11294002,12,512,6.1,64,6000,Android,3.5,2019,False
837,Vivo Max 5,Vivo,6438133,16,128,6.5,12,4000,Android,3.6,2021,False
838,Vivo Max 5,Vivo,23061947,12,128,6.1,108,6000,Android,2.2,2019,True
839,Vivo Max 5,Vivo,8852580,4,64,6.5,108,5000,Android,2.1,2023,False
840,Vivo Max 7,Vivo,17475120,8,64,6.1,12,4500,Android,4.9,2023,False
841,Vivo Max 7,Vivo,2076163,12,128,6.5,12,5000,Android,3.3,2020,True
842,Vivo Max 7,Vivo,23315535,6,64,6.5,48,4500,Android,3.7,2023,False
843,Vivo Max 8,Vivo,13461216,12,512,6.4,50,4000,Android,4.9,2021,True
844,Vivo Max 9,Vivo,7156708,8,512,6.5,108,6000,Android,4.1,2020,True
845,Vivo Max 9,Vivo,5715418,16,256,6.1,48,6000,Android,4.7,2022,False
846,Vivo Note 10,Vivo,16942759,4,64,5.5,48,4500,Android,4.3,2019,True
847,Vivo Note 11,Vivo,9881053,12,128,6.8,50,6000,Android,4.8,2021,False
848,Vivo Note 11,Vivo,23523848,8,128,6.7,12,4500,Android,3.4,2021,False
849,Vivo Note 11,Vivo,20165495,6,256,6.4,48,4000,Android,1.5,2023,False
850,Vivo Note 12,Vivo,8666064,8,128,6.4,50,5000,Android,3.2,2022,False
851,Vivo Note 13,Vivo,3194283,12,256,6.7,64,6000,Android,1.5,2019,True
852,Vivo Note 13,Vivo,5219669,16,64,6.8,108,6000,Android,3.3,2020,True
853,Vivo Note 16,Vivo,16469521,6,64,6.7,64,5000,Android,4.0,2021,False
854,Vivo Note 16,Vivo,1937352,8,64,6.7,108,4000,Android,1.7,2024,False
855,Vivo Note 19,Vivo,9701677,16,128,6.5,12,5000,Android,4.3,2024,False
856,Vivo Note 20,Vivo,24872568,12,512,5.5,108,5000,Android,2.0,2024,False
857,Vivo Note 21,Vivo,17543198,16,512,6.4,48,6000,Android,1.4,2019,True
858,Vivo Note 21,Vivo,24642910,4,64,6.4,48,4000,Android,3.1,2021,True
859,Vivo Note 21,Vivo,11806922,8,512,6.7,50,4500,Android,1.3,2019,False
860,Vivo Note 23,Vivo,12680260,12,64,6.5,108,4500,Android,4.6,2021,False
861,Vivo Note 24,Vivo,22332523,6,256,6.5,50,5000,Android,2.0,2021,True
862,Vivo Note 24,Vivo,7066102,4,128,6.4,50,4500,Android,2.4,2023,True
863,Vivo Note 26,Vivo,4781927,4,64,6.4,64,6000,Android,3.7,2023,False
864,Vivo Note 7,Vivo,2293427,8,512,6.4,48,4500,Android,3.0,2021,True
865,Vivo Note 9,Vivo,4770379,4,512,6.8,64,4000,Android,3.9,2019,False
866,Vivo Note 9,Vivo,24898026,8,512,6.7,12,5000,Android,2.1,2020,False
867,Vivo Note 9,Vivo,13689700,4,128,6.4,108,4500,Android,2.6,2023,False
868,Vivo Pro 10,Vivo,20530582,8,64,6.7,48,4500,Android,2.9,2019,True
869,Vivo Pro 10,Vivo,9802276,8,256,6.5,48,6000,Android,3.3,2020,False
870,Vivo Pro 11,Vivo,8655493,8,64,6.8,64,5000,Android,3.9,2021,False
871,Vivo Pro 13,Vivo,16874135,6,64,6.8,64,4500,Android,2.9,2020,False
872,Vivo Pro 14,Vivo,24902356,12,64,6.8,12,4000,Android,2.7,2019,False
873,Vivo Pro 16,Vivo,11048595,6,512,5.5,48,4000,Android,2.8,2021,True
874,Vivo Pro 16,Vivo,11804628,4,64,6.8,50,4500,Android,2.5,2021,True
875,Vivo Pro 16,Vivo,4309809,12,64,5.5,48,4000,Android,2.6,2019,True
876,Vivo Pro 19,Vivo,14208269,4,512,6.8,50,5000,Android,1.3,2022,False
877,Vivo Pro 19,Vivo,21961694,8,64,5.5,48,4000,Android,2.3,2022,False
878,Vivo Pro 20,Vivo,5942946,4,256,6.7,50,4000,Android,1.9,2023,False
879,Vivo Pro 20,Vivo,4335923,16,128,6.8,50,4000,Android,4.0,2020,False
880,Vivo Pro 21,Vivo,10116392,4,64,6.5,108,5000,Android,4.5,2023,False
881,Vivo Pro 23,Vivo,21423889,6,128,6.7,12,6000,Android,2.2,2019,False
882,Vivo Pro 23,Vivo,21597718,8,512,6.1,50,6000,Android,1.7,2021,False
883,Vivo Pro 23,Vivo,16013329,8,128,6.7,108,4000,Android,1.2,2020,False
884,Vivo Pro 23,Vivo,20603075,8,64,6.7,12,4500,Android,3.8,2024,False
885,Vivo Pro 24,Vivo,18966488,16,512,6.8,50,5000,Android,2.5,2020,False
886,Vivo Pro 25,Vivo,14702665,6,512,5.5,48,5000,Android,4.8,2021,True
887,Vivo Pro 27,Vivo,21281333,8,512,5.5,48,5000,Android,4.1,2023,True
888,Vivo Pro 28,Vivo,17888050,8,512,6.1,48,4000,Android,1.4,2019,False
889,Vivo Pro 28,Vivo,21738855,16,256,6.1,108,6000,Android,2.1,2023,True
890,Vivo Pro 28,Vivo,2569620,12,512,6.8,64,4000,Android,4.7,2023,True
891,Vivo Pro 29,Vivo,21417593,4,64,6.5,12,6000,Android,1.8,2022,True
892,Vivo Pro 29,Vivo,7297723,12,256,6.7,50,4000,Android,1.4,2024,False
893,Vivo Pro 30,Vivo,19926034,16,64,6.5,64,5000,Android,1.5,2024,True
894,Vivo Pro 5,Vivo,4970315,4,256,6.1,12,4000,Android,2.2,2021,True
895,Vivo Pro 5,Vivo,18250821,6,64,6.5,108,6000,Android,3.6,2022,True
896,Vivo Pro 6,Vivo,7113981,8,64,6.1,48,4500,Android,3.6,2019,True
897,Vivo Pro 7,Vivo,8933014,12,128,6.5,50,4000,Android,1.4,2020,True
898,Vivo Ultra 12,Vivo,20788853,16,512,6.1,108,5000,Android,4.5,2020,False
899,Vivo Ultra 13,Vivo,9089429,6,512,6.8,48,6000,Android,1.1,2022,True
900,Vivo Ultra 13,Vivo,16249626,6,512,6.7,50,4000,Android,3.7,2023,True
901,Vivo Ultra 14,Vivo,2671752,16,512,6.8,50,5000,Android,1.2,2020,True
902,Vivo Ultra 15,Vivo,2185359,16,256,6.5,50,5000,Android,4.7,2022,True
903,Vivo Ultra 15,Vivo,10385010,12,128,6.7,48,4500,Android,4.8,2019,True
904,Vivo Ultra 18,Vivo,24425431,16,256,6.7,108,5000,Android,2.5,2023,False
905,Vivo Ultra 18,Vivo,24088342,6,128,6.5,48,5000,Android,4.6,2023,True
906,Vivo Ultra 18,Vivo,18228986,4,128,6.5,108,6000,Android,4.9,2020,True
907,Vivo Ultra 20,Vivo,5340081,4,64,6.4,12,4000,Android,4.7,2020,False
908,Vivo Ultra 20,Vivo,17669319,16,256,6.4,48,4500,Android,3.5,2023,False
909,Vivo Ultra 20,Vivo,13351314,16,64,6.8,50,6000,Android,3.4,2022,True
910,Vivo Ultra 22,Vivo,24192734,4,128,6.1,64,6000,Android,1.8,2024,True
911,Vivo Ultra 23,Vivo,18788759,12,128,6.7,64,5000,Android,1.9,2020,False
912,Vivo Ultra 25,Vivo,21541669,6,64,6.7,64,4500,Android,4.6,2021,False
913,Vivo Ultra 25,Vivo,9472567,6,128,5.5,50,5000,Android,1.8,2020,False
914,Vivo Ultra 27,Vivo,15270203,16,512,6.4,12,4000,Android,1.3,2022,False
915,Vivo Ultra 29,Vivo,10382846,16,256,6.4,12,4000,Android,1.1,2020,True
916,Vivo Ultra 5,Vivo,17650455,16,64,6.5,64,4000,Android,1.9,2022,True
917,Vivo Ultra 5,Vivo,24422921,6,64,6.5,64,5000,Android,2.0,2022,False
918,Vivo Ultra 5,Vivo,9927049,6,64,5.5,50,6000,Android,1.4,2023,False
919,Vivo Ultra 7,Vivo,19779688,16,512,6.7,50,4000,Android,2.5,2019,True
920,Vivo Ultra 7,Vivo,15015792,12,256,6.7,108,5000,Android,1.2,2020,False
921,Vivo Ultra 7,Vivo,18009641,6,256,6.1,108,4000,Android,1.7,2023,False
922,Xiaomi Max 10,Xiaomi,17638872,16,128,6.8,48,6000,Android,4.5,2019,True
923,Xiaomi Max 11,Xiaomi,24988565,8,512,6.1,48,5000,Android,1.7,2019,False
924,Xiaomi Max 18,Xiaomi,8048529,4,512,6.4,48,4500,Android,2.7,2020,False
925,Xiaomi Max 18,Xiaomi,12420823,16,128,5.5,108,4500,Android,2.0,2020,True
926,Xiaomi Max 19,Xiaomi,24572446,4,128,6.4,108,5000,Android,3.0,2019,True
927,Xiaomi Max 19,Xiaomi,8635712,16,128,6.1,64,4000,Android,3.3,2021,False
928,Xiaomi Max 20,Xiaomi,8671699,8,512,6.4,108,6000,Android,2.4,2023,False
929,Xiaomi Max 20,Xiaomi,8821294,8,64,6.5,64,4500,Android,2.7,2023,True
930,Xiaomi Max 21,Xiaomi,13963423,4,256,6.8,64,4000,Android,1.5,2023,True
931,Xiaomi Max 21,Xiaomi,7767626,12,512,6.4,108,6000,Android,4.5,2022,True
932,Xiaomi Max 22,Xiaomi,14451135,8,256,6.1,48,4000,Android,3.4,2019,True
933,Xiaomi Max 24,Xiaomi,17203595,16,128,6.4,50,4500,Android,4.3,2019,True
934,Xiaomi Max 24,Xiaomi,22483365,6,64,5.5,12,5000,Android,2.8,2024,False
935,Xiaomi Max 28,Xiaomi,2509727,12,128,6.8,48,6000,Android,3.2,2024,True
936,Xiaomi Max 29,Xiaomi,14095432,8,512,6.1,48,4000,Android,3.8,2023,False
937,Xiaomi Max 9,Xiaomi,12963591,16,512,6.1,108,4500,Android,2.4,2024,True
938,Xiaomi Note 10,Xiaomi,18099719,8,512,6.7,12,4000,Android,1.0,2021,False
939,Xiaomi Note 11,Xiaomi,3400434,12,64,6.7,108,4000,Android,4.0,2020,False
940,Xiaomi Note 13,Xiaomi,11559235,12,512,6.8,12,5000,Android,2.7,2022,True
941,Xiaomi Note 16,Xiaomi,12326361,12,512,6.4,108,5000,Android,3.6,2020,True
942,Xiaomi Note 17,Xiaomi,24092656,4,256,6.7,48,4500,Android,3.8,2022,True
943,Xiaomi Note 17,Xiaomi,12560660,6,512,6.8,48,6000,Android,1.4,2020,True
944,Xiaomi Note 18,Xiaomi,3797812,16,128,6.8,50,6000,Android,3.6,2019,True
945,Xiaomi Note 18,Xiaomi,8785589,4,64,6.1,48,6000,Android,1.0,2024,True
946,Xiaomi Note 18,Xiaomi,16961787,8,512,5.5,48,5000,Android,4.7,2019,True
947,Xiaomi Note 18,Xiaomi,23502316,12,64,5.5,108,5000,Android,3.3,2021,True
948,Xiaomi Note 19,Xiaomi,14507246,12,128,6.8,108,4500,Android,3.7,2021,True
949,Xiaomi Note 21,Xiaomi,1841971,6,64,6.1,12,6000,Android,3.7,2019,True
950,Xiaomi Note 21,Xiaomi,13519693,6,256,6.7,64,6000,Android,2.9,2021,False
951,Xiaomi Note 23,Xiaomi,13305789,4,512,6.4,12,5000,Android,4.0,2023,True
952,Xiaomi Note 26,Xiaomi,10910184,4,64,6.7,50,4500,Android,3.8,2022,True
953,Xiaomi Note 26,Xiaomi,4712132,6,64,6.4,64,4000,Android,2.2,2023,False
954,Xiaomi Note 26,Xiaomi,6603944,6,512,6.7,12,4000,Android,2.2,2022,False
955,Xiaomi Note 26,Xiaomi,22410487,12,512,6.7,48,4500,Android,3.1,2020,False
956,Xiaomi Note 27,Xiaomi,1722987,12,512,6.7,48,4500,Android,3.9,2019,False
957,Xiaomi Note 28,Xiaomi,24039907,6,128,5.5,48,4500,Android,2.9,2022,True
958,Xiaomi Note 28,Xiaomi,19172150,16,256,6.8,48,5000,Android,1.4,2023,False
959,Xiaomi Note 6,Xiaomi,3564421,6,512,6.8,12,4000,Android,2.4,2021,True
960,Xiaomi Note 9,Xiaomi,18215765,12,256,6.4,64,6000,Android,2.1,2024,True
961,Xiaomi Pro 10,Xiaomi,24004211,6,64,6.4,48,6000,Android,2.2,2020,False
962,Xiaomi Pro 10,Xiaomi,15532190,16,128,6.5,48,6000,Android,4.1,2021,False
963,Xiaomi Pro 17,Xiaomi,24709767,8,512,6.4,48,4500,Android,4.5,2021,False
964,Xiaomi Pro 18,Xiaomi,8777003,8,64,5.5,50,4000,Android,1.5,2019,True
965,Xiaomi Pro 19,Xiaomi,14696451,16,512,6.8,64,6000,Android,4.8,2022,True
966,Xiaomi Pro 19,Xiaomi,7233255,6,128,6.7,64,4000,Android,2.2,2023,True
967,Xiaomi Pro 20,Xiaomi,22884761,8,64,6.8,12,6000,Android,3.9,2019,True
968,Xiaomi Pro 21,Xiaomi,16239610,6,128,6.1,108,5000,Android,4.1,2021,False
969,Xiaomi Pro 21,Xiaomi,23834566,12,512,6.1,50,5000,Android,2.3,2022,True
970,Xiaomi Pro 23,Xiaomi,2229648,4,128,5.5,50,4000,Android,3.0,2021,False
971,Xiaomi Pro 24,Xiaomi,1672124,8,512,6.4,108,4000,Android,3.5,2021,False
972,Xiaomi Pro 27,Xiaomi,23735377,8,256,5.5,64,4500,Android,1.2,2022,True
973,Xiaomi Pro 28,Xiaomi,19509456,16,512,6.8,108,5000,Android,2.9,2021,True
974,Xiaomi Pro 29,Xiaomi,17070709,16,256,6.8,50,5000,Android,3.2,2024,True
975,Xiaomi Pro 30,Xiaomi,6801592,12,512,6.8,50,4500,Android,1.1,2019,True
976,Xiaomi Pro 8,Xiaomi,3831230,12,128,6.1,12,5000,Android,4.3,2021,False
977,Xiaomi Ultra 10,Xiaomi,20617618,8,128,6.4,64,5000,Android,1.8,2024,False
978,Xiaomi Ultra 11,Xiaomi,13832487,12,256,6.4,50,5000,Android,4.9,2019,False
979,Xiaomi Ultra 12,Xiaomi,10449575,6,512,6.8,12,4000,Android,1.6,2019,False
980,Xiaomi Ultra 14,Xiaomi,12797728,12,128,5.5,64,4500,Android,3.3,2021,False
981,Xiaomi Ultra 15,Xiaomi,10126023,4,256,5.5,12,6000,Android,1.3,2019,True
982,Xiaomi Ultra 16,Xiaomi,14824399,8,256,6.4,50,6000,Android,3.5,2021,False
983,Xiaomi Ultra 18,Xiaomi,20662668,8,128,6.8,50,4500,Android,4.8,2023,True
984,Xiaomi Ultra 19,Xiaomi,11064818,8,512,6.1,64,4000,Android,4.2,2019,True
985,Xiaomi Ultra 19,Xiaomi,13360094,12,64,6.5,108,5000,Android,4.5,2023,True
986,Xiaomi Ultra 19,Xiaomi,16720118,6,256,5.5,12,4500,Android,2.6,2022,True
987,Xiaomi Ultra 20,Xiaomi,6867923,8,64,6.8,64,4000,Android,4.4,2023,True
988,Xiaomi Ultra 21,Xiaomi,1681883,6,256,5.5,108,6000,Android,1.8,2021,True
989,Xiaomi Ultra 21,Xiaomi,16823532,16,512,6.5,50,6000,Android,4.4,2022,False
990,Xiaomi Ultra 24,Xiaomi,14489528,6,128,6.7,48,5000,Android,3.8,2019,True
991,Xiaomi Ultra 24,Xiaomi,21791061,8,256,6.8,12,4000,Android,1.1,2019,False
992,Xiaomi Ultra 25,Xiaomi,24946717,6,64,6.1,50,4000,Android,3.5,2021,True
993,Xiaomi Ultra 26,Xiaomi,21276331,12,128,6.8,12,4000,Android,3.6,2022,True
994,Xiaomi Ultra 27,Xiaomi,10816378,4,64,5.5,50,5000,Android,1.1,2023,True
995,Xiaomi Ultra 28,Xiaomi,21661360,4,512,6.4,12,4500,Android,3.8,2024,False
996,Xiaomi Ultra 29,Xiaomi,5711486,6,512,6.1,64,6000,Android,2.2,2019,False
997,Xiaomi Ultra 5,Xiaomi,8209176,4,512,6.8,64,4500,Android,3.4,2024,True
998,Xiaomi Ultra 6,Xiaomi,22461611,6,512,6.4,12,4500,Android,3.7,2021,True
999,Xiaomi Ultra 7,Xiaomi,9979176,6,64,6.7,48,4500,Android,2.0,2024,False
1000,Xiaomi Ultra 9,Xiaomi,22493489,4,128,6.1,64,4000,Android,4.9,2019,True
